"item_code","Original_crop","Item Group Code","Item Group","Item","Factor","HS Code","HS07 Code","HS12 Code","CPC Code"
"101","Canary seed",1714,"Crops Primary","Canary seed",1,NA,"100830","100830","1195"
"108","Cereals, nes",1714,"Crops Primary","Cereals nes",1,NA,"100890","100890","1199.9"
"108","Mean for C4 cereals",1714,"Crops Primary","Cereals nes",1,NA,"100890","100890","1199.9"
"108","Grain, mixed",1714,"Crops Primary","Cereals nes",1,NA,"100890","100890","1199.9"
"108","Tropical cereals",1714,"Crops Primary","Cereals nes",1,NA,"100890","100890","1199.9"
"108","Temperate cereals",1714,"Crops Primary","Cereals nes",1,NA,"100890","100890","1199.9"
"108","Generic grains",1714,"Crops Primary","Cereals nes",1,NA,"100890","100890","1199.9"
"108","Other cereals",1714,"Crops Primary","Cereals nes",1,NA,"100890","100890","1199.9"
"108","Cereals other",1714,"Crops Primary","Cereals nes",1,NA,"100890","100890","1199.9"
"108","Teff",1714,"Crops Primary","Cereals nes",1,NA,"100890","100890","1199.9"
"108","Mixed grain",1714,"Crops Primary","Cereals nes",1,NA,"100890","100890","1199.9"
"108","Mean for C3 cereals",1714,"Crops Primary","Cereals nes",1,NA,"100890","100890","1199.9"
"116","Potato above-ground stems & leaves",1714,"Crops Primary","Potatoes",1,NA,"070110, 070190","070110, 070190","1510"
"116","Frozen Potatoes",1714,"Crops Primary","Potatoes",1,NA,"070110, 070190","070110, 070190","1510"
"116","Potato tuber",1714,"Crops Primary","Potatoes",1,NA,"070110, 070190","070110, 070190","1510"
"116","Potatoes and tubers",1714,"Crops Primary","Potatoes",1,NA,"070110, 070190","070110, 070190","1510"
"116","Potatoes",1714,"Crops Primary","Potatoes",1,NA,"070110, 070190","070110, 070190","1510"
"116","Potato",1714,"Crops Primary","Potatoes",1,NA,"070110, 070190","070110, 070190","1510"
"116","Potato Offals",1714,"Crops Primary","Potatoes",1,NA,"070110, 070190","070110, 070190","1510"
"122","Sweet potatoes",1714,"Crops Primary","Sweet potatoes",1,NA,"71420","71420","1530"
"122","Sweet potato",1714,"Crops Primary","Sweet potatoes",1,NA,"71420","71420","1530"
"122","Sweet Potato",1714,"Crops Primary","Sweet potatoes",1,NA,"71420","71420","1530"
"125","Cassava Dried",1714,"Crops Primary","Cassava",1,NA,"71410","71410","1520.01"
"125","Cassava",1714,"Crops Primary","Cassava",1,NA,"71410","71410","1520.01"
"135","Yautia (cocoyam)",1714,"Crops Primary","Yautia (cocoyam)",1,NA,"71490","71450","1591"
"136","Taro (cocoyam)",1714,"Crops Primary","Taro (cocoyam)",1,NA,"71490","71440","1550"
"137","Yams",1714,"Crops Primary","Yams",1,NA,"71490","71430","1540"
"149","Roots and Tubers; nes",1714,"Crops Primary","Roots and tubers nes",1,NA,"71490","71490","1599.1"
"149","Roots other",1714,"Crops Primary","Roots and tubers nes",1,NA,"71490","71490","1599.1"
"149","Other root crops",1714,"Crops Primary","Roots and tubers nes",1,NA,"71490","71490","1599.1"
"149","Roots and Tubers, nes",1714,"Crops Primary","Roots and tubers nes",1,NA,"71490","71490","1599.1"
"149","Vegetables Roots Fodder",1714,"Crops Primary","Roots and tubers nes",1,NA,"71490","71490","1599.1"
"149","Roots and Tubers Dried",1714,"Crops Primary","Roots and tubers nes",1,NA,"71490","71490","1599.1"
"149","Roots and tuber crops",1714,"Crops Primary","Roots and tubers nes",1,NA,"71490","71490","1599.1"
"15","Durum wheat",1714,"Crops Primary","Wheat",1,NA,"100110, 100190","100111, 100119, 100191, 100199","111"
"15","Wheat (winter) grain",1714,"Crops Primary","Wheat",1,NA,"100110, 100190","100111, 100119, 100191, 100199","111"
"15","Wheat",1714,"Crops Primary","Wheat",1,NA,"100110, 100190","100111, 100119, 100191, 100199","111"
"15","Soft wheat",1714,"Crops Primary","Wheat",1,NA,"100110, 100190","100111, 100119, 100191, 100199","111"
"15","Meslin",1714,"Crops Primary","Wheat",1,NA,"100110, 100190","100111, 100119, 100191, 100199","111"
"15","Wheat straw",1714,"Crops Primary","Wheat",1,NA,"100110, 100190","100111, 100119, 100191, 100199","111"
"15","Wheat straw per t of grain",1714,"Crops Primary","Wheat",1,NA,"100110, 100190","100111, 100119, 100191, 100199","111"
"15","Winter wheat",1714,"Crops Primary","Wheat",1,NA,"100110, 100190","100111, 100119, 100191, 100199","111"
"15","Spring wheat",1714,"Crops Primary","Wheat",1,NA,"100110, 100190","100111, 100119, 100191, 100199","111"
"15","Wheat (spring) grain",1714,"Crops Primary","Wheat",1,NA,"100110, 100190","100111, 100119, 100191, 100199","111"
"156","Sugar-cane",1714,"Crops Primary","Sugar cane",1,NA,"121299","121293","1802"
"156","Sugarcane",1714,"Crops Primary","Sugar cane",1,NA,"121299","121293","1802"
"156","Sugar cane",1714,"Crops Primary","Sugar cane",1,NA,"121299","121293","1802"
"156","Sugarcane leaf",1714,"Crops Primary","Sugar cane",1,NA,"121299","121293","1802"
"156","Sugar cane bagasse",1714,"Crops Primary","Sugar cane",1,NA,"121299","121293","1802"
"156","Bagasse",1714,"Crops Primary","Sugar cane",1,NA,"121299","121293","1802"
"157","Sugar beet",1714,"Crops Primary","Sugar beet",1,NA,"121291","121291","1801"
"157","Sugarbeet top",1714,"Crops Primary","Sugar beet",1,NA,"121291","121291","1801"
"157","Sugar beets",1714,"Crops Primary","Sugar beet",1,NA,"121291","121291","1801"
"157","Beet",1714,"Crops Primary","Sugar beet",1,NA,"121291","121291","1801"
"157","Sugar beets tops",1714,"Crops Primary","Sugar beet",1,NA,"121291","121291","1801"
"157","Sugarbeet root",1714,"Crops Primary","Sugar beet",1,NA,"121291","121291","1801"
"157","Table beets",1714,"Crops Primary","Sugar beet",1,NA,"121291","121291","1801"
"161","Sugar crops, nes",1714,"Crops Primary","Sugar crops nes",1,NA,"121299","121299","1809"
"161","Sugar, nes",1714,"Crops Primary","Sugar crops nes",1,NA,"121299","121299","1809"
"161","Sugar crops; nes",1714,"Crops Primary","Sugar crops nes",1,NA,"121299","121299","1809"
"176","Beans, dry",1714,"Crops Primary","Beans, dry",1,NA,"071331, 071332, 071333, 071339","071331, 071332, 071333, 071339","1701"
"176","Bean, mung",1714,"Crops Primary","Beans, dry",1,NA,"071331, 071332, 071333, 071339","071331, 071332, 071333, 071339","1701"
"176","Beans; dry",1714,"Crops Primary","Beans, dry",1,NA,"071331, 071332, 071333, 071339","071331, 071332, 071333, 071339","1701"
"176","Mung bean",1714,"Crops Primary","Beans, dry",1,NA,"071331, 071332, 071333, 071339","071331, 071332, 071333, 071339","1701"
"176","Mungbeans",1714,"Crops Primary","Beans, dry",1,NA,"071331, 071332, 071333, 071339","071331, 071332, 071333, 071339","1701"
"176","Bean, dry",1714,"Crops Primary","Beans, dry",1,NA,"071331, 071332, 071333, 071339","071331, 071332, 071333, 071339","1701"
"176","Beans (dry)",1714,"Crops Primary","Beans, dry",1,NA,"071331, 071332, 071333, 071339","071331, 071332, 071333, 071339","1701"
"176","Bean, lima",1714,"Crops Primary","Beans, dry",1,NA,"071331, 071332, 071333, 071339","071331, 071332, 071333, 071339","1701"
"181","Broad beans; horse beans; dry",1714,"Crops Primary","Broad beans, horse beans, dry",1,NA,"71350","71350","1702"
"181","Broad beans, horse beans, dry",1714,"Crops Primary","Broad beans, horse beans, dry",1,NA,"71350","71350","1702"
"181","Broad beans",1714,"Crops Primary","Broad beans, horse beans, dry",1,NA,"71350","71350","1702"
"187","Lespedeza",1714,"Crops Primary","Peas, dry",1,NA,"71310","71310","1705"
"187","Peas; dry",1714,"Crops Primary","Peas, dry",1,NA,"71310","71310","1705"
"187","Peas, dry",1714,"Crops Primary","Peas, dry",1,NA,"71310","71310","1705"
"191","Chick peas",1714,"Crops Primary","Chick peas",1,NA,"71320","71320","1703"
"191","Chickpea",1714,"Crops Primary","Chick peas",1,NA,"71320","71320","1703"
"191","Black gram",1714,"Crops Primary","Chick peas",1,NA,"71320","71320","1703"
"191","Chick pea",1714,"Crops Primary","Chick peas",1,NA,"71320","71320","1703"
"191","Green gram",1714,"Crops Primary","Chick peas",1,NA,"71320","71320","1703"
"195","Cowpea",1714,"Crops Primary","Cow peas, dry",1,NA,"71339","71335","1706"
"195","Cow peas; dry",1714,"Crops Primary","Cow peas, dry",1,NA,"71339","71335","1706"
"195","Cow peas, dry",1714,"Crops Primary","Cow peas, dry",1,NA,"71339","71335","1706"
"195","Cow pea",1714,"Crops Primary","Cow peas, dry",1,NA,"71339","71335","1706"
"195","Field pea",1714,"Crops Primary","Cow peas, dry",1,NA,"71339","71335","1706"
"197","Pigeon pea",1714,"Crops Primary","Pigeon peas",1,NA,"71390","71360","1707"
"201","Lentil",1714,"Crops Primary","Lentils",1,NA,"71340","71340","1704"
"201","Lentils",1714,"Crops Primary","Lentils",1,NA,"71340","71340","1704"
"203","Bambara beans",1714,"Crops Primary","Bambara beans",1,NA,"71339","71334","1708"
"205","Vetch",1714,"Crops Primary","Vetches",1,NA,"121490","121490","1709.01"
"205","Vetches",1714,"Crops Primary","Vetches",1,NA,"121490","121490","1709.01"
"205","Vetch  (DM)",1714,"Crops Primary","Vetches",1,NA,"121490","121490","1709.01"
"210","Lupin",1714,"Crops Primary","Lupins",1,NA,"121490","121490","1709.02"
"210","Lupins",1714,"Crops Primary","Lupins",1,NA,"121490","121490","1709.02"
"211","Pulses",1714,"Crops Primary","Pulses nes",1,NA,"71390","71390","1709.9"
"211","Long bean residue",1714,"Crops Primary","Pulses nes",1,NA,"71390","71390","1709.9"
"211","Pulses; nes",1714,"Crops Primary","Pulses nes",1,NA,"71390","71390","1709.9"
"211","Mean for legumes",1714,"Crops Primary","Pulses nes",1,NA,"71390","71390","1709.9"
"211","Pulses, nes",1714,"Crops Primary","Pulses nes",1,NA,"71390","71390","1709.9"
"216","Brazil nuts; with shell",1714,"Crops Primary","Brazil nuts, with shell",1,NA,"80121","80121","1377"
"216","Brazil nuts, with shell",1714,"Crops Primary","Brazil nuts, with shell",1,NA,"80121","80121","1377"
"217","Cashew nuts, with shell",1714,"Crops Primary","Cashew nuts, with shell",1,NA,"80131","80131","1372"
"217","Cashew nuts; with shell",1714,"Crops Primary","Cashew nuts, with shell",1,NA,"80131","80131","1372"
"220","Chestnuts",1714,"Crops Primary","Chestnut",1,NA,"80240","080241, 080242","1373"
"221","Almonds, with shell",1714,"Crops Primary","Almonds, with shell",1,NA,"80211","80211","1371"
"221","Almonds; with shell",1714,"Crops Primary","Almonds, with shell",1,NA,"80211","80211","1371"
"222","Walnuts; with shell",1714,"Crops Primary","Walnuts, with shell",1,NA,"80231","80231","1376"
"222","Walnuts, with shell",1714,"Crops Primary","Walnuts, with shell",1,NA,"80231","80231","1376"
"223","Pistachios",1714,"Crops Primary","Pistachios",1,NA,"80250","080251, 080252","1375"
"224","Kolanuts",1714,"Crops Primary","Kola nuts",1,NA,"80290","80270","1379.02"
"225","Hazelnuts, with shell",1714,"Crops Primary","Hazelnuts, with shell",1,NA,"80221","80221","1374"
"225","Hazelnuts; with shell",1714,"Crops Primary","Hazelnuts, with shell",1,NA,"80221","80221","1374"
"226","Arecanuts",1714,"Crops Primary","Areca nuts",1,NA,"80290","80280","1379.01"
"234","Nuts; nes",1714,"Crops Primary","Nuts nes",1,NA,"080260, 080290","080261, 080262, 080290","1379.9"
"234","Nuts, nes",1714,"Crops Primary","Nuts nes",1,NA,"080260, 080290","080261, 080262, 080290","1379.9"
"236","Soybean grain",1714,"Crops Primary","Soybeans",1,NA,"120100","120110, 120190","141"
"236","Soybean stover per t of grain",1714,"Crops Primary","Soybeans",1,NA,"120100","120110, 120190","141"
"236","Soybean",1714,"Crops Primary","Soybeans",1,NA,"120100","120110, 120190","141"
"236","Soybeans",1714,"Crops Primary","Soybeans",1,NA,"120100","120110, 120190","141"
"236","Soybean stover",1714,"Crops Primary","Soybeans",1,NA,"120100","120110, 120190","141"
"242","Groundnuts; with shell",1714,"Crops Primary","Groundnuts, with shell",1,NA,"120210, 120220","120230, 120241","142"
"242","Groundnuts, with shell",1714,"Crops Primary","Groundnuts, with shell",1,NA,"120210, 120220","120230, 120241","142"
"242","Groundnut haulm",1714,"Crops Primary","Groundnuts, with shell",1,NA,"120210, 120220","120230, 120241","142"
"242","Groundnut",1714,"Crops Primary","Groundnuts, with shell",1,NA,"120210, 120220","120230, 120241","142"
"242","Peanut nuts",1714,"Crops Primary","Groundnuts, with shell",1,NA,"120210, 120220","120230, 120241","142"
"242","Groundnuts",1714,"Crops Primary","Groundnuts, with shell",1,NA,"120210, 120220","120230, 120241","142"
"242","Peanut stover",1714,"Crops Primary","Groundnuts, with shell",1,NA,"120210, 120220","120230, 120241","142"
"242","Peanut",1714,"Crops Primary","Groundnuts, with shell",1,NA,"120210, 120220","120230, 120241","142"
"242","Green groundnut plant",1714,"Crops Primary","Groundnuts, with shell",1,NA,"120210, 120220","120230, 120241","142"
"242","Peanuts",1714,"Crops Primary","Groundnuts, with shell",1,NA,"120210, 120220","120230, 120241","142"
"249","Coconut",1714,"Crops Primary","Coconuts",1,NA,"80119","080112, 080119","1460"
"249","Coconuts",1714,"Crops Primary","Coconuts",1,NA,"80119","080112, 080119","1460"
"249","Cocoon Unr.&Waste",1714,"Crops Primary","Coconuts",1,NA,"80119","080112, 080119","1460"
"254","Palm oil",1714,"Crops Primary","Oil palm fruit",1,NA,"120799","120710","1491.01"
"254","Palm kernel oil",1714,"Crops Primary","Oil palm fruit",1,NA,"120799","120710","1491.01"
"254","Palm kernels",1714,"Crops Primary","Oil palm fruit",1,NA,"120799","120710","1491.01"
"254","Oil-palm",1714,"Crops Primary","Oil palm fruit",1,NA,"120799","120710","1491.01"
"260","Olive Residues",1714,"Crops Primary","Olives",1,NA,"70990","70992","1450"
"260","Table olives",1714,"Crops Primary","Olives",1,NA,"70990","70992","1450"
"260","Olives",1714,"Crops Primary","Olives",1,NA,"70990","70992","1450"
"263","Karite Nuts (Sheanuts)",1714,"Crops Primary","Karite nuts (sheanuts)",1,NA,"120799","120799","1499.01"
"265","Castor oil seed",1714,"Crops Primary","Castor oil seed",1,NA,"120799","120730","1447"
"265","Oil of Castor Beans",1714,"Crops Primary","Castor oil seed",1,NA,"120799","120730","1447"
"265","Castor",1714,"Crops Primary","Castor oil seed",1,NA,"120799","120730","1447"
"267","Sunflower seed",1714,"Crops Primary","Sunflower seed",1,NA,"120600","120600","1445"
"267","Sunflower stover per t of grain",1714,"Crops Primary","Sunflower seed",1,NA,"120600","120600","1445"
"267","Sunflower grain",1714,"Crops Primary","Sunflower seed",1,NA,"120600","120600","1445"
"267","Sunflower",1714,"Crops Primary","Sunflower seed",1,NA,"120600","120600","1445"
"267","Sunflower stover",1714,"Crops Primary","Sunflower seed",1,NA,"120600","120600","1445"
"27","Rice, paddy",1714,"Crops Primary","Rice, paddy",1,NA,"100610","100610","113"
"27","Rice straw",1714,"Crops Primary","Rice, paddy",1,NA,"100610","100610","113"
"27","Brown rice",1714,"Crops Primary","Rice, paddy",1,NA,"100610","100610","113"
"27","Rice  total  (Rice milled equivalent)",1714,"Crops Primary","Rice, paddy",1,NA,"100610","100610","113"
"27","Rice husk",1714,"Crops Primary","Rice, paddy",1,NA,"100610","100610","113"
"27","Paddy husk",1714,"Crops Primary","Rice, paddy",1,NA,"100610","100610","113"
"27","Paddy rice",1714,"Crops Primary","Rice, paddy",1,NA,"100610","100610","113"
"27","Rice",1714,"Crops Primary","Rice, paddy",1,NA,"100610","100610","113"
"27","Rice paddy straw",1714,"Crops Primary","Rice, paddy",1,NA,"100610","100610","113"
"27","Rice grain",1714,"Crops Primary","Rice, paddy",1,NA,"100610","100610","113"
"270","Rape",1714,"Crops Primary","Rapeseed",1,NA,"120510, 120590","120510, 120590","1443"
"270","Rapeseed",1714,"Crops Primary","Rapeseed",1,NA,"120510, 120590","120510, 120590","1443"
"270","Canola",1714,"Crops Primary","Rapeseed",1,NA,"120510, 120590","120510, 120590","1443"
"275","Tung Nuts",1714,"Crops Primary","Tung nuts",1,NA,"120799","120799","1499.02"
"277","Jojoba Seeds",1714,"Crops Primary","Jojoba seed",1,NA,"120799","120799","1499.03"
"277","Jojoba seed",1714,"Crops Primary","Jojoba seed",1,NA,"120799","120799","1499.03"
"280","Safflower seed",1714,"Crops Primary","Safflower seed",1,NA,"120799","120760","1446"
"280","Safflower",1714,"Crops Primary","Safflower seed",1,NA,"120799","120760","1446"
"289","Sesame seed",1714,"Crops Primary","Sesame seed",1,NA,"120740","120740","1444"
"289","Sesame",1714,"Crops Primary","Sesame seed",1,NA,"120740","120740","1444"
"289","Sesameseed",1714,"Crops Primary","Sesame seed",1,NA,"120740","120740","1444"
"292","Mustard",1714,"Crops Primary","Mustard seed",1,NA,"120750","120750","1442"
"292","Brown mustard",1714,"Crops Primary","Mustard seed",1,NA,"120750","120750","1442"
"292","Mustard seed",1714,"Crops Primary","Mustard seed",1,NA,"120750","120750","1442"
"296","Poppy seed",1714,"Crops Primary","Poppy seed",1,NA,"120791","120791","1448"
"299","Melonseed",1714,"Crops Primary","Melonseed",1,NA,"120799","120770","1449.01"
"305","Tallowtree Seeds",1714,"Crops Primary","Tallowtree seed",1,NA,"120799","120799","1499.04"
"328","Seed cotton",1714,"Crops Primary","Seed cotton",1,NA,"520100","520100","1921.01"
"333","Linseed",1714,"Crops Primary","Linseed",1,NA,"120400","120400","1441"
"336","Hemp",1714,"Crops Primary","Hempseed",1,NA,"120799","120799","1449.02"
"336","Hempseed",1714,"Crops Primary","Hempseed",1,NA,"120799","120799","1449.02"
"339","Oil of Tung Nuts",1714,"Crops Primary","Oilseeds nes",1,NA,"120799","120799","1449.9"
"339","Oil of vegetable origin, nes",1714,"Crops Primary","Oilseeds nes",1,NA,"120799","120799","1449.9"
"339","Other oilseeds, for forage",1714,"Crops Primary","Oilseeds nes",1,NA,"120799","120799","1449.9"
"339","Oil of Kapok",1714,"Crops Primary","Oilseeds nes",1,NA,"120799","120799","1449.9"
"339","Oil of Jojoba",1714,"Crops Primary","Oilseeds nes",1,NA,"120799","120799","1449.9"
"339","Oilseeds; Nes",1714,"Crops Primary","Oilseeds nes",1,NA,"120799","120799","1449.9"
"339","Oilseeds, Nes",1714,"Crops Primary","Oilseeds nes",1,NA,"120799","120799","1449.9"
"339","Other oils",1714,"Crops Primary","Oilseeds nes",1,NA,"120799","120799","1449.9"
"339","Oilseeds nes",1714,"Crops Primary","Oilseeds nes",1,NA,"120799","120799","1449.9"
"358","Cabbage, for forage",1714,"Crops Primary","Cabbages and other brassicas",1,NA,"070420, 070490","070420, 070490","1212"
"358","Cabbages and other brassicas",1714,"Crops Primary","Cabbages and other brassicas",1,NA,"070420, 070490","070420, 070490","1212"
"358","Cabbage",1714,"Crops Primary","Cabbages and other brassicas",1,NA,"070420, 070490","070420, 070490","1212"
"366","Artichokes",1714,"Crops Primary","Artichokes",1,NA,"70990","70991","1216"
"367","Asparagus",1714,"Crops Primary","Asparagus",1,NA,"70920","70920","1211"
"372","Rocket salad",1714,"Crops Primary","Lettuce and chicory",1,NA,"070511, 070519, 070521, 070529","070511, 070519, 070521, 070529","1214"
"372","Lettuce and chicory",1714,"Crops Primary","Lettuce and chicory",1,NA,"070511, 070519, 070521, 070529","070511, 070519, 070521, 070529","1214"
"372","Lettuce (heads)",1714,"Crops Primary","Lettuce and chicory",1,NA,"070511, 070519, 070521, 070529","070511, 070519, 070521, 070529","1214"
"373","Spinach",1714,"Crops Primary","Spinach",1,NA,"70970","70970","1215"
"388","Tomato",1714,"Crops Primary","Tomatoes",1,NA,"70200","70200","1234"
"388","Tomatoes",1714,"Crops Primary","Tomatoes",1,NA,"70200","70200","1234"
"393","Cauliflowers and broccoli",1714,"Crops Primary","Cauliflowers and broccoli",1,NA,"70410","70410","1213"
"393","Cauliflower",1714,"Crops Primary","Cauliflowers and broccoli",1,NA,"70410","70410","1213"
"394","Pumpkins, squash and gourds",1714,"Crops Primary","Pumpkins, squash and gourds",1,NA,"70990","70993","1235"
"394","Pumpkins; squash and gourds",1714,"Crops Primary","Pumpkins, squash and gourds",1,NA,"70990","70993","1235"
"397","Cucumbers",1714,"Crops Primary","Cucumbers and gherkins",1,NA,"70700","70700","1232"
"397","Cucumbers and gherkins",1714,"Crops Primary","Cucumbers and gherkins",1,NA,"70700","70700","1232"
"399","Eggplants (aubergines)",1714,"Crops Primary","Eggplants (aubergines)",1,NA,"70930","70930","1233"
"401","Chillies and peppers, green",1714,"Crops Primary","Chillies and peppers, green",1,NA,"70960","70960","1231"
"401","Chillies and peppers; green",1714,"Crops Primary","Chillies and peppers, green",1,NA,"70960","70960","1231"
"401","Bell peppers",1714,"Crops Primary","Chillies and peppers, green",1,NA,"70960","70960","1231"
"402","Onion",1714,"Crops Primary","Onions, shallots, green",1,NA,"70310","70310","1253.01"
"402","Onions, shallots, green",1714,"Crops Primary","Onions, shallots, green",1,NA,"70310","70310","1253.01"
"402","Onions",1714,"Crops Primary","Onions, shallots, green",1,NA,"70310","70310","1253.01"
"402","Onions (inc. shallots); green",1714,"Crops Primary","Onions, shallots, green",1,NA,"70310","70310","1253.01"
"402","Onions (inc. shallots), green",1714,"Crops Primary","Onions, shallots, green",1,NA,"70310","70310","1253.01"
"403","Onions, dry",1714,"Crops Primary","Onions, dry",1,NA,"70310","70310","1253.02"
"403","Onions; dry",1714,"Crops Primary","Onions, dry",1,NA,"70310","70310","1253.02"
"406","Garlic",1714,"Crops Primary","Garlic",1,NA,"70320","70320","1252"
"407","Leeks, other alliaceous veg",1714,"Crops Primary","Leeks, other alliaceous vegetables",1,NA,"70390","70390","1254"
"407","Leeks, other alliaceous vegetables",1714,"Crops Primary","Leeks, other alliaceous vegetables",1,NA,"70390","70390","1254"
"407","Leeks; other alliaceous veg",1714,"Crops Primary","Leeks, other alliaceous vegetables",1,NA,"70390","70390","1254"
"414","Beans; green",1714,"Crops Primary","Beans, green",1,NA,"70820","70820","1241.9"
"414","Snap beans",1714,"Crops Primary","Beans, green",1,NA,"70820","70820","1241.9"
"414","Beans, green",1714,"Crops Primary","Beans, green",1,NA,"70820","70820","1241.9"
"417","Peas",1714,"Crops Primary","Peas, green",1,NA,"70810","70810","1242"
"417","Pigeon pea residue",1714,"Crops Primary","Peas, green",1,NA,"70810","70810","1242"
"417","Peas, green",1714,"Crops Primary","Peas, green",1,NA,"70810","70810","1242"
"417","Pigeon peas",1714,"Crops Primary","Peas, green",1,NA,"70810","70810","1242"
"417","Peas; green",1714,"Crops Primary","Peas, green",1,NA,"70810","70810","1242"
"417","Pigeon pea leaf",1714,"Crops Primary","Peas, green",1,NA,"70810","70810","1242"
"417","Pea",1714,"Crops Primary","Peas, green",1,NA,"70810","70810","1242"
"420","Vegetables, leguminous nes",1714,"Crops Primary","Vegetables, leguminous nes",1,NA,"70890","70890","1243"
"420","Faba bean",1714,"Crops Primary","Vegetables, leguminous nes",1,NA,"70890","70890","1243"
"420","Sesamum",1714,"Crops Primary","Vegetables, leguminous nes",1,NA,"70890","70890","1243"
"420","Leguminous vegetables; nes",1714,"Crops Primary","Vegetables, leguminous nes",1,NA,"70890","70890","1243"
"420","Leguminous vegetables, nes",1714,"Crops Primary","Vegetables, leguminous nes",1,NA,"70890","70890","1243"
"423","String beans",1714,"Crops Primary","String beans",1,NA,"70820","70820","1241.01"
"426","Turnips for Fodder",1714,"Crops Primary","Carrots and turnips",1,NA,"70610","70610","1251"
"426","Turnips",1714,"Crops Primary","Carrots and turnips",1,NA,"70610","70610","1251"
"426","Carrots, for forage",1714,"Crops Primary","Carrots and turnips",1,NA,"70610","70610","1251"
"426","Carrots and turnips",1714,"Crops Primary","Carrots and turnips",1,NA,"70610","70610","1251"
"426","Carrots",1714,"Crops Primary","Carrots and turnips",1,NA,"70610","70610","1251"
"430","Kenaf",1714,"Crops Primary","Okra",1,NA,"70990","70999","1239.01"
"430","Okra",1714,"Crops Primary","Okra",1,NA,"70990","70999","1239.01"
"44","Barley straw per t of grain",1714,"Crops Primary","Barley",1,NA,"100300","100310, 100390","115"
"44","Barley",1714,"Crops Primary","Barley",1,NA,"100300","100310, 100390","115"
"44","Barley grain",1714,"Crops Primary","Barley",1,NA,"100300","100310, 100390","115"
"44","barley",1714,"Crops Primary","Barley",1,NA,"100300","100310, 100390","115"
"44","Barley straw",1714,"Crops Primary","Barley",1,NA,"100300","100310, 100390","115"
"446","Maize; green",1714,"Crops Primary","Maize, green",1,NA,"70990","70999","1290.01"
"446","Corn silage (35% dm)",1714,"Crops Primary","Maize, green",1,NA,"70990","70999","1290.01"
"446","Corn silage (67% water) per t of grain",1714,"Crops Primary","Maize, green",1,NA,"70990","70999","1290.01"
"446","Fodder maize",1714,"Crops Primary","Maize, green",1,NA,"70990","70999","1290.01"
"446","Maize for forage and silage",1714,"Crops Primary","Maize, green",1,NA,"70990","70999","1290.01"
"446","Corn silage (67% water)",1714,"Crops Primary","Maize, green",1,NA,"70990","70999","1290.01"
"446","Maize for forage",1714,"Crops Primary","Maize, green",1,NA,"70990","70999","1290.01"
"446","Maize, green",1714,"Crops Primary","Maize, green",1,NA,"70990","70999","1290.01"
"449","Dried Mushrooms",1714,"Crops Primary","Mushrooms and truffles",1,NA,"070951, 070959","070951, 070959","1270"
"449","Mushrooms and truffles",1714,"Crops Primary","Mushrooms and truffles",1,NA,"070951, 070959","070951, 070959","1270"
"459","Chicory roots",1714,"Crops Primary","Chicory roots",1,NA,"121299","121294","1691"
"461","Carobs",1714,"Crops Primary","Carobs",1,NA,"121299","121292","1356"
"463","Vegetables fresh nes",1714,"Crops Primary","Vegetables, fresh nes",1,NA,"070690, 070940, 070990","070690, 070940, 070999","1290.9"
"463","Sesbania grandifolia",1714,"Crops Primary","Vegetables, fresh nes",1,NA,"070690, 070940, 070990","070690, 070940, 070999","1290.9"
"463","Other vegetables",1714,"Crops Primary","Vegetables, fresh nes",1,NA,"070690, 070940, 070990","070690, 070940, 070999","1290.9"
"463","Vegetables",1714,"Crops Primary","Vegetables, fresh nes",1,NA,"070690, 070940, 070990","070690, 070940, 070999","1290.9"
"486","Banana",1714,"Crops Primary","Bananas",1,NA,"80300","80390","1312"
"486","Bananas",1714,"Crops Primary","Bananas",1,NA,"80300","80390","1312"
"489","Plantains",1714,"Crops Primary","Plantains and others",1,NA,"80300","80310","1313"
"489","Plantain",1714,"Crops Primary","Plantains and others",1,NA,"80300","80310","1313"
"489","Plantains and others",1714,"Crops Primary","Plantains and others",1,NA,"80300","80310","1313"
"490","Oranges",1714,"Crops Primary","Oranges",1,NA,"80510","80510","1323"
"495","Tangerines, mandarins, clementines, satsumas",1714,"Crops Primary","Tangerines, mandarins, clementines, satsumas",1,NA,"80520","80520","1324"
"495","Tangerines, mandarins, clem.",1714,"Crops Primary","Tangerines, mandarins, clementines, satsumas",1,NA,"80520","80520","1324"
"495","Tangerines; mandarins; clem.",1714,"Crops Primary","Tangerines, mandarins, clementines, satsumas",1,NA,"80520","80520","1324"
"497","Lemons and limes",1714,"Crops Primary","Lemons and limes",1,NA,"80550","80550","1322"
"507","Grapefruit (inc. pomelos)",1714,"Crops Primary","Grapefruit (inc. pomelos)",1,NA,"80540","80540","1321"
"512","Citrus fruit, nes",1714,"Crops Primary","Fruit, citrus nes",1,NA,"80590","80590","1329"
"512","Citrus fruits",1714,"Crops Primary","Fruit, citrus nes",1,NA,"80590","80590","1329"
"512","Fruit, citrus nes",1714,"Crops Primary","Fruit, citrus nes",1,NA,"80590","80590","1329"
"512","Citrus",1714,"Crops Primary","Fruit, citrus nes",1,NA,"80590","80590","1329"
"512","Citrus fruit; nes",1714,"Crops Primary","Fruit, citrus nes",1,NA,"80590","80590","1329"
"515","Apples",1714,"Crops Primary","Apples",1,NA,"80810","80810","1341"
"515","Apple",1714,"Crops Primary","Apples",1,NA,"80810","80810","1341"
"521","Pears",1714,"Crops Primary","Pears",1,NA,"80820","80830","1342.01"
"523","Quinces",1714,"Crops Primary","Quinces",1,NA,"80820","80840","1342.02"
"526","Dry Apricots",1714,"Crops Primary","Apricots",1,NA,"80910","80910","1343"
"526","Apricots",1714,"Crops Primary","Apricots",1,NA,"80910","80910","1343"
"530","Sour cherries",1714,"Crops Primary","Cherries, sour",1,NA,"80920","80921","1344.01"
"531","Cherries",1714,"Crops Primary","Cherries",1,NA,"80920","80929","1344.02"
"534","Peaches",1714,"Crops Primary","Peaches and nectarines",1,NA,"80930","80930","1345"
"534","Peaches and nectarines",1714,"Crops Primary","Peaches and nectarines",1,NA,"80930","80930","1345"
"536","Plums and sloes",1714,"Crops Primary","Plums and sloes",1,NA,"80940","80940","1346"
"536","Plums Dried (Prunes)",1714,"Crops Primary","Plums and sloes",1,NA,"80940","80940","1346"
"541","Stone fruit; nes",1714,"Crops Primary","Fruit, stone nes",1,NA,"81090","81090","1349.2"
"541","Stone fruit, nes",1714,"Crops Primary","Fruit, stone nes",1,NA,"81090","81090","1349.2"
"541","Fruit, stone nes",1714,"Crops Primary","Fruit, stone nes",1,NA,"81090","81090","1349.2"
"542","Pome fruit; nes",1714,"Crops Primary","Fruit, pome nes",1,NA,"81090","81090","1349.1"
"542","Fruit, pome nes",1714,"Crops Primary","Fruit, pome nes",1,NA,"81090","81090","1349.1"
"544","Strawberries",1714,"Crops Primary","Strawberries",1,NA,"81010","81010","1354"
"547","Raspberries",1714,"Crops Primary","Raspberries",1,NA,"81020","81020","1353.01"
"549","Gooseberries",1714,"Crops Primary","Gooseberries",1,NA,"81090","81030","1351.02"
"550","Currants",1714,"Crops Primary","Currants",1,NA,"81090","81030","1351.01"
"552","Blueberries",1714,"Crops Primary","Blueberries",1,NA,"81040","81040","1355.01"
"554","Cranberries",1714,"Crops Primary","Cranberries",1,NA,"81040","81040","1355.02"
"558","Berries Nes",1714,"Crops Primary","Berries nes",1,NA,"081020, 081040","081020, 081040","1355.9"
"56","Corn",1714,"Crops Primary","Maize",1,NA,"100510, 100590","100510, 100590","112"
"56","Corn stover",1714,"Crops Primary","Maize",1,NA,"100510, 100590","100510, 100590","112"
"56","Maize stover",1714,"Crops Primary","Maize",1,NA,"100510, 100590","100510, 100590","112"
"56","Corn grain",1714,"Crops Primary","Maize",1,NA,"100510, 100590","100510, 100590","112"
"56","Popcorn",1714,"Crops Primary","Maize",1,NA,"100510, 100590","100510, 100590","112"
"56","Maize",1714,"Crops Primary","Maize",1,NA,"100510, 100590","100510, 100590","112"
"56","Grain maize",1714,"Crops Primary","Maize",1,NA,"100510, 100590","100510, 100590","112"
"56","maize",1714,"Crops Primary","Maize",1,NA,"100510, 100590","100510, 100590","112"
"56","Corn stover per t of grain",1714,"Crops Primary","Maize",1,NA,"100510, 100590","100510, 100590","112"
"56","Sweet corn",1714,"Crops Primary","Maize",1,NA,"100510, 100590","100510, 100590","112"
"56","Maize leaf",1714,"Crops Primary","Maize",1,NA,"100510, 100590","100510, 100590","112"
"56","Maize grain",1714,"Crops Primary","Maize",1,NA,"100510, 100590","100510, 100590","112"
"56","Sweet Corn Frozen",1714,"Crops Primary","Maize",1,NA,"100510, 100590","100510, 100590","112"
"560","Grapes",1714,"Crops Primary","Grapes",1,NA,"80610","80610","1330"
"560","Table grapes",1714,"Crops Primary","Grapes",1,NA,"80610","80610","1330"
"567","Watermelons",1714,"Crops Primary","Watermelons",1,NA,"80711","80711","1221"
"568","Melons, other (inc.cantaloupes)",1714,"Crops Primary","Melons, other (inc.cantaloupes)",1,NA,"80719","80719","1229"
"568","Cantaloupe",1714,"Crops Primary","Melons, other (inc.cantaloupes)",1,NA,"80719","80719","1229"
"569","Figs Dried",1714,"Crops Primary","Figs",1,NA,"80420","80420","1315"
"569","Figs",1714,"Crops Primary","Figs",1,NA,"80420","80420","1315"
"571","Mangoes; mangosteens; guavas",1714,"Crops Primary","Mangoes, mangosteens, guavas",1,NA,"80450","80450","1316"
"571","Guava",1714,"Crops Primary","Mangoes, mangosteens, guavas",1,NA,"80450","80450","1316"
"571","Mangoes, mangosteens, guavas",1714,"Crops Primary","Mangoes, mangosteens, guavas",1,NA,"80450","80450","1316"
"572","Avocados",1714,"Crops Primary","Avocados",1,NA,"80440","80440","1311"
"574","Pineapples",1714,"Crops Primary","Pineapples",1,NA,"80430","80430","1318"
"574","Pineapple",1714,"Crops Primary","Pineapples",1,NA,"80430","80430","1318"
"577","Dates",1714,"Crops Primary","Dates",1,NA,"80410","80410","1314"
"587","Persimmons",1714,"Crops Primary","Persimmons",1,NA,"81090","81070","1359.01"
"591","Cashewapple",1714,"Crops Primary","Cashewapple",1,NA,"81090","81090","1359.02"
"592","Kiwi fruit",1714,"Crops Primary","Kiwi fruit",1,NA,"81050","81050","1352"
"600","Papaya",1714,"Crops Primary","Papayas",1,NA,"80720","80720","1317"
"600","Papayas",1714,"Crops Primary","Papayas",1,NA,"80720","80720","1317"
"603","Fruit, tropical fresh nes",1714,"Crops Primary","Fruit, tropical fresh nes",1,NA,"080450, 081060, 081090","080450, 081060, 081090","1319"
"603","Fruit Tropical Dried Nes",1714,"Crops Primary","Fruit, tropical fresh nes",1,NA,"080450, 081060, 081090","080450, 081060, 081090","1319"
"603","Fruit; tropical fresh nes",1714,"Crops Primary","Fruit, tropical fresh nes",1,NA,"080450, 081060, 081090","080450, 081060, 081090","1319"
"619","Other fruits",1714,"Crops Primary","Fruit, fresh nes",1,NA,"81090","81090","1359.9"
"619","Fruit Fresh Nes",1714,"Crops Primary","Fruit, fresh nes",1,NA,"81090","81090","1359.9"
"619","Fruits other",1714,"Crops Primary","Fruit, fresh nes",1,NA,"81090","81090","1359.9"
"619","Fruit crops",1714,"Crops Primary","Fruit, fresh nes",1,NA,"81090","81090","1359.9"
"619","Fruit, fresh nes",1714,"Crops Primary","Fruit, fresh nes",1,NA,"81090","81090","1359.9"
"619","Sapota",1714,"Crops Primary","Fruit, fresh nes",1,NA,"81090","81090","1359.9"
"656","Coffee arabica",1714,"Crops Primary","Coffee, green",1,NA,"90111","90111","1610"
"656","Coffee, green",1714,"Crops Primary","Coffee, green",1,NA,"90111","90111","1610"
"656","Coffee",1714,"Crops Primary","Coffee, green",1,NA,"90111","90111","1610"
"661","Cocoa beans",1714,"Crops Primary","Cocoa, beans",1,NA,"180100","180100","1640"
"661","Cocoa, beans",1714,"Crops Primary","Cocoa, beans",1,NA,"180100","180100","1640"
"667","Tea",1714,"Crops Primary","Tea",1,NA,"090210, 090220, 090230, 090240","090210, 090220, 090230, 090240","1620"
"667","Extracts Tea, Mate, Prep",1714,"Crops Primary","Tea",1,NA,"090210, 090220, 090230, 090240","090210, 090220, 090230, 090240","1620"
"677","Hops",1714,"Crops Primary","Hops",1,NA,"121010, 121020","121010, 121020","1659"
"687","Pepper (piper spp.)",1714,"Crops Primary","Pepper (piper spp.)",1,NA,"090411, 090412","090411, 090412","1651"
"687","Pepper (Piper spp.)",1714,"Crops Primary","Pepper (piper spp.)",1,NA,"090411, 090412","090411, 090412","1651"
"689","Chillies and peppers; dry",1714,"Crops Primary","Chillies and peppers, dry",1,NA,"90420","090421, 090422","1652"
"689","Chillies and peppers, dry",1714,"Crops Primary","Chillies and peppers, dry",1,NA,"90420","090421, 090422","1652"
"692","Vanilla",1714,"Crops Primary","Vanilla",1,NA,"90500","090510, 090520","1658"
"693","Cinnamon (canella)",1714,"Crops Primary","Cinnamon (cannella)",1,NA,"090611, 090619, 090620","090611, 090619, 090620","1655"
"698","Cloves",1714,"Crops Primary","Cloves",1,NA,"90700","090710, 090720","1656"
"702","Nutmeg; mace and cardamoms",1714,"Crops Primary","Nutmeg, mace and cardamoms",1,NA,"090810, 090820, 090830","090811, 090812, 090821, 090822, 090831, 090832","1653"
"702","Nutmeg, mace and cardamoms",1714,"Crops Primary","Nutmeg, mace and cardamoms",1,NA,"090810, 090820, 090830","090811, 090812, 090821, 090822, 090831, 090832","1653"
"71","Rye grain",1714,"Crops Primary","Rye",1,NA,"100200","100210, 100290","116"
"71","Rye",1714,"Crops Primary","Rye",1,NA,"100200","100210, 100290","116"
"711","Anise; badian; fennel; corian.",1714,"Crops Primary","Anise, badian, fennel, coriander",1,NA,"090910, 090920, 090930, 090940, 090950","090921, 090922, 090931, 090932, 090961, 090962","1654"
"711","Anise, badian, fennel, coriander",1714,"Crops Primary","Anise, badian, fennel, coriander",1,NA,"090910, 090920, 090930, 090940, 090950","090921, 090922, 090931, 090932, 090961, 090962","1654"
"711","Anise, badian, fennel, corian.",1714,"Crops Primary","Anise, badian, fennel, coriander",1,NA,"090910, 090920, 090930, 090940, 090950","090921, 090922, 090931, 090932, 090961, 090962","1654"
"720","Ginger",1714,"Crops Primary","Ginger",1,NA,"91010","091011, 091012","1657"
"723","Spices, nes",1714,"Crops Primary","Spices nes",1,NA,"091020, 091030, 091091, 091099","091020, 091030, 091091, 091099","1699"
"748","Peppermint",1714,"Crops Primary","Peppermint",1,NA,"121190","121190","1930.01"
"75","Oat straw",1714,"Crops Primary","Oats",1,NA,"100400","100410, 100490","117"
"75","Oat",1714,"Crops Primary","Oats",1,NA,"100400","100410, 100490","117"
"75","Oat haylage (40% dm)",1714,"Crops Primary","Oats",1,NA,"100400","100410, 100490","117"
"75","Oat grain",1714,"Crops Primary","Oats",1,NA,"100400","100410, 100490","117"
"75","Oats",1714,"Crops Primary","Oats",1,NA,"100400","100410, 100490","117"
"75","Oats Rolled",1714,"Crops Primary","Oats",1,NA,"100400","100410, 100490","117"
"75","Oat straw per t of grain",1714,"Crops Primary","Oats",1,NA,"100400","100410, 100490","117"
"754","Pyrethrum,Dried",1714,"Crops Primary","Pyrethrum, dried",1,NA,"121190","121190","1930.02"
"754","Pyrethrum;Dried",1714,"Crops Primary","Pyrethrum, dried",1,NA,"121190","121190","1930.02"
"754","Pyrethrum, dried",1714,"Crops Primary","Pyrethrum, dried",1,NA,"121190","121190","1930.02"
"773","Flax and hemp",1714,"Crops Primary","Flax fibre and tow",1,NA,"530121, 530129","530121, 530129","26190.01"
"773","Flax straw",1714,"Crops Primary","Flax fibre and tow",1,NA,"530121, 530129","530121, 530129","26190.01"
"773","Flax Tow Waste",1714,"Crops Primary","Flax fibre and tow",1,NA,"530121, 530129","530121, 530129","26190.01"
"773","Flax Fibre Raw",1714,"Crops Primary","Flax fibre and tow",1,NA,"530121, 530129","530121, 530129","26190.01"
"773","Flax",1714,"Crops Primary","Flax fibre and tow",1,NA,"530121, 530129","530121, 530129","26190.01"
"773","Flax fibre and tow",1714,"Crops Primary","Flax fibre and tow",1,NA,"530121, 530129","530121, 530129","26190.01"
"777","Hemp Tow Waste",1714,"Crops Primary","Hemp tow waste",1,NA,"530210, 530290","530210, 530290","1929.02"
"777","Hemp tow waste",1714,"Crops Primary","Hemp tow waste",1,NA,"530210, 530290","530210, 530290","1929.02"
"780","Jute olitorious",1714,"Crops Primary","Jute",1,NA,"530310, 530390","530310, 530390","1922.01"
"780","Jute capsularis",1714,"Crops Primary","Jute",1,NA,"530310, 530390","530310, 530390","1922.01"
"780","Jute",1714,"Crops Primary","Jute",1,NA,"530310, 530390","530310, 530390","1922.01"
"782","Other Bastfibres",1714,"Crops Primary","Bastfibres, other",1,NA,"530310, 530390","530310, 530390","1922.02"
"782","Bastfibres, other",1714,"Crops Primary","Bastfibres, other",1,NA,"530310, 530390","530310, 530390","1922.02"
"788","Ramie",1714,"Crops Primary","Ramie",1,NA,"530500","530500","1929.04"
"789","Sisal",1714,"Crops Primary","Sisal",1,NA,"530500","530500","1929.05"
"79","Pearlmillet",1714,"Crops Primary","Millet",1,NA,"100820","100821, 100829","118"
"79","Small millet residue",1714,"Crops Primary","Millet",1,NA,"100820","100821, 100829","118"
"79","Finger millet residue",1714,"Crops Primary","Millet",1,NA,"100820","100821, 100829","118"
"79","Finger millet",1714,"Crops Primary","Millet",1,NA,"100820","100821, 100829","118"
"79","Pearl millet residue",1714,"Crops Primary","Millet",1,NA,"100820","100821, 100829","118"
"79","Millet grain",1714,"Crops Primary","Millet",1,NA,"100820","100821, 100829","118"
"79","Fingermillet",1714,"Crops Primary","Millet",1,NA,"100820","100821, 100829","118"
"79","Millet",1714,"Crops Primary","Millet",1,NA,"100820","100821, 100829","118"
"79","Pearl millet",1714,"Crops Primary","Millet",1,NA,"100820","100821, 100829","118"
"79","Millet straw",1714,"Crops Primary","Millet",1,NA,"100820","100821, 100829","118"
"79","Pearl Millet",1714,"Crops Primary","Millet",1,NA,"100820","100821, 100829","118"
"800","Agave fibres nes",1714,"Crops Primary","Agave fibres nes",1,NA,"530500","530500","1929.06"
"809","Manila fibre (abaca)",1714,"Crops Primary","Manila fibre (abaca)",1,NA,"530500","530500","1929.07"
"809","Manila Fibre (Abaca)",1714,"Crops Primary","Manila fibre (abaca)",1,NA,"530500","530500","1929.07"
"821","Fibre Crops Nes",1714,"Crops Primary","Fibre crops nes",1,NA,"530500","530500","1929.9"
"821","Fiber crops",1714,"Crops Primary","Fibre crops nes",1,NA,"530500","530500","1929.9"
"821","Fibre crops nes",1714,"Crops Primary","Fibre crops nes",1,NA,"530500","530500","1929.9"
"826","Tobacco leaves",1714,"Crops Primary","Tobacco, unmanufactured",1,NA,"240110, 240120, 240130","240110, 240120, 240130","1970"
"826","Tobacco, flue-cured",1714,"Crops Primary","Tobacco, unmanufactured",1,NA,"240110, 240120, 240130","240110, 240120, 240130","1970"
"826","Tobacco, unmanufactured",1714,"Crops Primary","Tobacco, unmanufactured",1,NA,"240110, 240120, 240130","240110, 240120, 240130","1970"
"826","Tobacco",1714,"Crops Primary","Tobacco, unmanufactured",1,NA,"240110, 240120, 240130","240110, 240120, 240130","1970"
"83","Sorghum grain",1714,"Crops Primary","Sorghum",1,NA,"100700","100710, 100790","114"
"83","Sorghum stover",1714,"Crops Primary","Sorghum",1,NA,"100700","100710, 100790","114"
"83","Sorghum-sudan (50% dm)",1714,"Crops Primary","Sorghum",1,NA,"100700","100710, 100790","114"
"83","Sorghum sudan",1714,"Crops Primary","Sorghum",1,NA,"100700","100710, 100790","114"
"83","Sorghum Sudan",1714,"Crops Primary","Sorghum",1,NA,"100700","100710, 100790","114"
"83","Sorghum stover per t of grain",1714,"Crops Primary","Sorghum",1,NA,"100700","100710, 100790","114"
"83","Sorghum-sudan  (DM)",1714,"Crops Primary","Sorghum",1,NA,"100700","100710, 100790","114"
"83","Sorghum-29",1714,"Crops Primary","Sorghum",1,NA,"100700","100710, 100790","114"
"83","Sorghum",1714,"Crops Primary","Sorghum",1,NA,"100700","100710, 100790","114"
"83","Forage sorghum (30% dm)",1714,"Crops Primary","Sorghum",1,NA,"100700","100710, 100790","114"
"836","Rubber Nat Dry",1714,"Crops Primary","Rubber, natural",1,NA,"400110","400110","1950.01"
"836","Rubber, natural",1714,"Crops Primary","Rubber, natural",1,NA,"400110","400110","1950.01"
"836","Rubber",1714,"Crops Primary","Rubber, natural",1,NA,"400110","400110","1950.01"
"839","Gums Natural",1714,"Crops Primary","Gums, natural",1,NA,"400130","400130","3211"
"89","Buckwheat",1714,"Crops Primary","Buckwheat",1,NA,"100810","100810","1192"
"92","Quinoa",1714,"Crops Primary","Quinoa",1,NA,"100890","100850","1194"
"94","Fonio",1714,"Crops Primary","Fonio",1,NA,"100890","100840","1193"
"97","Triticale",1714,"Crops Primary","Triticale",1,NA,"100890","100860","1191"
