Item Code,Item,Source,Crop,Average,N_Grain,N_Plant,N,P_Grain,P_Plant,P,K_Grain,K_Plant,K,S_Grain,S_Plant,S,Legume,Primary_reference_of_dataset,Reference_where_data_were_collated,Website_of_source_of_collated_data
15,Wheat,https://www.ipni.net/app/calculator/home,Wheat (spring) grain + Wheat straw per unit of grain yield,0,21,12,33,4.1,1.2,5.3,4.6,16.6,21.2,1.7,2.3,4,0,https://www.ipni.net/app/calculator/home,"FAO(2020) FAOSTAT Domain Soil Nutrient Budget Metadata, release December 2020 https://fenixservices.fao.org/faostat/static/documents/ESB/ESB_e.pdf",https://fenixservices.fao.org/faostat/static/documents/ESB/ESB_e.pdf
27,"Rice, paddy",https://www.ipni.net/app/calculator/home,Rice grain + Rice straw,0,13,8.3,21.3,2.9,1.2,4.1,3,17.4,20.4,0,,0,0,https://www.ipni.net/app/calculator/home,"FAO(2020) FAOSTAT Domain Soil Nutrient Budget Metadata, release December 2020 https://fenixservices.fao.org/faostat/static/documents/ESB/ESB_e.pdf",https://fenixservices.fao.org/faostat/static/documents/ESB/ESB_e.pdf
44,Barley,https://www.ipni.net/app/calculator/home,Barley grain + Barley straw per unit of grain yield,0,21,8.3,29.3,3.6,1.4,5,5.6,20.8,26.4,1.9,2.1,4,0,https://www.ipni.net/app/calculator/home,"FAO(2020) FAOSTAT Domain Soil Nutrient Budget Metadata, release December 2020 https://fenixservices.fao.org/faostat/static/documents/ESB/ESB_e.pdf",https://fenixservices.fao.org/faostat/static/documents/ESB/ESB_e.pdf
56,Maize,https://www.ipni.net/app/calculator/home,Corn grain + Corn stover per unit of grain yield ,0,12,8,20,2.7,1.3,4,3.7,16.6,20.3,1.4,1.3,2.7,0,https://www.ipni.net/app/calculator/home,"FAO(2020) FAOSTAT Domain Soil Nutrient Budget Metadata, release December 2020 https://fenixservices.fao.org/faostat/static/documents/ESB/ESB_e.pdf",https://fenixservices.fao.org/faostat/static/documents/ESB/ESB_e.pdf
71,Rye,https://www.ipni.net/app/calculator/home,Rye grain + Rye straw per unit of grain yield,0,25,14,39,3.6,1.7,5.3,4.6,22.4,27,1.8,2.5,4.3,0,https://www.ipni.net/app/calculator/home,"FAO(2020) FAOSTAT Domain Soil Nutrient Budget Metadata, release December 2020 https://fenixservices.fao.org/faostat/static/documents/ESB/ESB_e.pdf",https://fenixservices.fao.org/faostat/static/documents/ESB/ESB_e.pdf
75,Oats,https://www.ipni.net/app/calculator/home,Oat grain + Oat straw per unit of grain yield,0,24,9.7,33.7,3.8,2.2,6,4.9,24.1,29,2.2,3.4,5.6,0,https://www.ipni.net/app/calculator/home,"FAO(2020) FAOSTAT Domain Soil Nutrient Budget Metadata, release December 2020 https://fenixservices.fao.org/faostat/static/documents/ESB/ESB_e.pdf",https://fenixservices.fao.org/faostat/static/documents/ESB/ESB_e.pdf
79,Millet,https://www.ipni.net/app/calculator/home,Millet grain + Millet straw,0,28,7.7,25.7,3.5,1,4.5,6.6,16.6,23.2,1.6,,1.6,0,https://www.ipni.net/app/calculator/home,"FAO(2020) FAOSTAT Domain Soil Nutrient Budget Metadata, release December 2020 https://fenixservices.fao.org/faostat/static/documents/ESB/ESB_e.pdf",https://fenixservices.fao.org/faostat/static/documents/ESB/ESB_e.pdf
83,Sorghum,https://www.ipni.net/app/calculator/home,Sorghum grain + Sorghum stover per unit of grain yield,0,13,11,24,3.4,1.4,4.8,4.5,14.1,18.6,1.2,2.4,3.6,0,https://www.ipni.net/app/calculator/home,"FAO(2020) FAOSTAT Domain Soil Nutrient Budget Metadata, release December 2020 https://fenixservices.fao.org/faostat/static/documents/ESB/ESB_e.pdf",https://fenixservices.fao.org/faostat/static/documents/ESB/ESB_e.pdf
89,Buckwheat,https://www.ipni.net/app/calculator/home,Buckwheat,0,17,,17,2.2,,2.2,3.7,,3.7,0,,0,0,https://www.ipni.net/app/calculator/home,"FAO(2020) FAOSTAT Domain Soil Nutrient Budget Metadata, release December 2020 https://fenixservices.fao.org/faostat/static/documents/ESB/ESB_e.pdf",https://fenixservices.fao.org/faostat/static/documents/ESB/ESB_e.pdf
92,Quinoa,,Average of other cereals,1,,,,,,0,,,0,,,0,0,,"FAO(2020) FAOSTAT Domain Soil Nutrient Budget Metadata, release December 2020 https://fenixservices.fao.org/faostat/static/documents/ESB/ESB_e.pdf",https://fenixservices.fao.org/faostat/static/documents/ESB/ESB_e.pdf
94,Fonio,,Average of other cereals,1,,,,,,0,,,0,,,0,0,,"FAO(2020) FAOSTAT Domain Soil Nutrient Budget Metadata, release December 2020 https://fenixservices.fao.org/faostat/static/documents/ESB/ESB_e.pdf",https://fenixservices.fao.org/faostat/static/documents/ESB/ESB_e.pdf
97,Triticale,,Average of other cereals,1,,,,,,0,,,0,,,0,0,,"FAO(2020) FAOSTAT Domain Soil Nutrient Budget Metadata, release December 2020 https://fenixservices.fao.org/faostat/static/documents/ESB/ESB_e.pdf",https://fenixservices.fao.org/faostat/static/documents/ESB/ESB_e.pdf
101,Canary seed,https://www.ipni.net/app/calculator/home,Reed canary grass (DM),0,15,,15,2.9,,2.9,10.8,,10.8,0,,0,0,https://www.ipni.net/app/calculator/home,"FAO(2020) FAOSTAT Domain Soil Nutrient Budget Metadata, release December 2020 https://fenixservices.fao.org/faostat/static/documents/ESB/ESB_e.pdf",https://fenixservices.fao.org/faostat/static/documents/ESB/ESB_e.pdf
103,"Grain, mixed",,Average of other cereals,1,,,,,,0,,,0,,,0,0,,"FAO(2020) FAOSTAT Domain Soil Nutrient Budget Metadata, release December 2020 https://fenixservices.fao.org/faostat/static/documents/ESB/ESB_e.pdf",https://fenixservices.fao.org/faostat/static/documents/ESB/ESB_e.pdf
108,"Cereals, nes",,Average of other cereals,1,,,,,,0,,,0,,,0,0,,"FAO(2020) FAOSTAT Domain Soil Nutrient Budget Metadata, release December 2020 https://fenixservices.fao.org/faostat/static/documents/ESB/ESB_e.pdf",https://fenixservices.fao.org/faostat/static/documents/ESB/ESB_e.pdf
116,Potatoes,https://www.ipni.net/app/calculator/home,"Potato tuber + Potato, above-ground stems and leaves",0,3,2,5,0.7,0.2,0.9,5.4,2.5,7.9,0.3,0.2,0.5,0,https://www.ipni.net/app/calculator/home,"FAO(2020) FAOSTAT Domain Soil Nutrient Budget Metadata, release December 2020 https://fenixservices.fao.org/faostat/static/documents/ESB/ESB_e.pdf",https://fenixservices.fao.org/faostat/static/documents/ESB/ESB_e.pdf
122,Sweet potatoes,https://www.ipni.net/app/calculator/home,"Sweet potatoes + Potato, above-ground stems and leaves",0,5.2,2,7.2,1,0.2,1.2,8.3,2.5,10.8,0,0.2,0.2,0,https://www.ipni.net/app/calculator/home,"FAO(2020) FAOSTAT Domain Soil Nutrient Budget Metadata, release December 2020 https://fenixservices.fao.org/faostat/static/documents/ESB/ESB_e.pdf",https://fenixservices.fao.org/faostat/static/documents/ESB/ESB_e.pdf
125,Cassava,http://www.nutrien-ekonomics.com/tools-to-calculate-fertilizer-needs/calculators/nutrient-removal/,Cassava,0,2,,,9,,9,2.49,,2.49,,,0,0,http://www.nutrien-ekonomics.com/tools-to-calculate-fertilizer-needs/calculators/nutrient-removal/,"FAO(2020) FAOSTAT Domain Soil Nutrient Budget Metadata, release December 2020 https://fenixservices.fao.org/faostat/static/documents/ESB/ESB_e.pdf",https://fenixservices.fao.org/faostat/static/documents/ESB/ESB_e.pdf
135,Yautia (cocoyam),,Average of other roots and tubers,1,,,,,,0,,,0,,,0,0,,"FAO(2020) FAOSTAT Domain Soil Nutrient Budget Metadata, release December 2020 https://fenixservices.fao.org/faostat/static/documents/ESB/ESB_e.pdf",https://fenixservices.fao.org/faostat/static/documents/ESB/ESB_e.pdf
136,Taro (cocoyam),,Average of other roots and tubers,1,,,,,,0,,,0,,,0,0,,"FAO(2020) FAOSTAT Domain Soil Nutrient Budget Metadata, release December 2020 https://fenixservices.fao.org/faostat/static/documents/ESB/ESB_e.pdf",https://fenixservices.fao.org/faostat/static/documents/ESB/ESB_e.pdf
137,Yams,,Average of other roots and tubers,1,,,,,,0,,,0,,,0,0,,"FAO(2020) FAOSTAT Domain Soil Nutrient Budget Metadata, release December 2020 https://fenixservices.fao.org/faostat/static/documents/ESB/ESB_e.pdf",https://fenixservices.fao.org/faostat/static/documents/ESB/ESB_e.pdf
149,"Roots and tubers, nes",,Average of other roots and tubers,1,,,,,,0,,,0,,,0,0,,"FAO(2020) FAOSTAT Domain Soil Nutrient Budget Metadata, release December 2020 https://fenixservices.fao.org/faostat/static/documents/ESB/ESB_e.pdf",https://fenixservices.fao.org/faostat/static/documents/ESB/ESB_e.pdf
156,Sugar cane,https://www.ipni.net/app/calculator/home,Sugarcane,0,1,,1,0.3,,0.3,1.5,,1.5,0,,0,0,https://www.ipni.net/app/calculator/home,"FAO(2020) FAOSTAT Domain Soil Nutrient Budget Metadata, release December 2020 https://fenixservices.fao.org/faostat/static/documents/ESB/ESB_e.pdf",https://fenixservices.fao.org/faostat/static/documents/ESB/ESB_e.pdf
157,Sugar beet,https://www.ipni.net/app/calculator/home,Sugarbeet roots + Sugarbeet tops,0,1.9,3.7,5.6,0.5,0.9,1.4,3.1,8.3,11.4,0.2,0.2,0.4,0,https://www.ipni.net/app/calculator/home,"FAO(2020) FAOSTAT Domain Soil Nutrient Budget Metadata, release December 2020 https://fenixservices.fao.org/faostat/static/documents/ESB/ESB_e.pdf",https://fenixservices.fao.org/faostat/static/documents/ESB/ESB_e.pdf
161,"Sugar crops, nes",,"Average of suar cane, sugar beet",1,,,,,,0,,,0,,,0,0,,"FAO(2020) FAOSTAT Domain Soil Nutrient Budget Metadata, release December 2020 https://fenixservices.fao.org/faostat/static/documents/ESB/ESB_e.pdf",https://fenixservices.fao.org/faostat/static/documents/ESB/ESB_e.pdf
176,"Beans, dry",https://www.ipni.net/app/calculator/home,"Beans, dry",0,50,,50,5.7,,5.7,12.5,,12.5,8.7,,8.7,1,https://www.ipni.net/app/calculator/home,"FAO(2020) FAOSTAT Domain Soil Nutrient Budget Metadata, release December 2020 https://fenixservices.fao.org/faostat/static/documents/ESB/ESB_e.pdf",https://fenixservices.fao.org/faostat/static/documents/ESB/ESB_e.pdf
181,"Broad beans, horse beans, dry",,Average of other pulses,1,,,,,,0,,,0,,,0,1,,"FAO(2020) FAOSTAT Domain Soil Nutrient Budget Metadata, release December 2020 https://fenixservices.fao.org/faostat/static/documents/ESB/ESB_e.pdf",https://fenixservices.fao.org/faostat/static/documents/ESB/ESB_e.pdf
187,"Peas, dry",https://www.ipni.net/app/calculator/home,"Peas, dry",0,40,,40,8.7,,8.7,9.8,,9.8,0,,0,1,https://www.ipni.net/app/calculator/home,"FAO(2020) FAOSTAT Domain Soil Nutrient Budget Metadata, release December 2020 https://fenixservices.fao.org/faostat/static/documents/ESB/ESB_e.pdf",https://fenixservices.fao.org/faostat/static/documents/ESB/ESB_e.pdf
191,Chick peas,,Average of other pulses,1,,,,,,0,,,0,,,0,1,,"FAO(2020) FAOSTAT Domain Soil Nutrient Budget Metadata, release December 2020 https://fenixservices.fao.org/faostat/static/documents/ESB/ESB_e.pdf",https://fenixservices.fao.org/faostat/static/documents/ESB/ESB_e.pdf
195,"Cow peas, dry",,Average of other pulses,1,,,,,,0,,,0,,,0,1,,"FAO(2020) FAOSTAT Domain Soil Nutrient Budget Metadata, release December 2020 https://fenixservices.fao.org/faostat/static/documents/ESB/ESB_e.pdf",https://fenixservices.fao.org/faostat/static/documents/ESB/ESB_e.pdf
197,Pigeon peas,,Average of other pulses,1,,,,,,0,,,0,,,0,1,,"FAO(2020) FAOSTAT Domain Soil Nutrient Budget Metadata, release December 2020 https://fenixservices.fao.org/faostat/static/documents/ESB/ESB_e.pdf",https://fenixservices.fao.org/faostat/static/documents/ESB/ESB_e.pdf
201,Lentils,http://www.nutrien-ekonomics.com/tools-to-calculate-fertilizer-needs/calculators/nutrient-removal/,Lentils,0,33,,33,4.36,,4.36,15.77,,15.77,,,0,1,http://www.nutrien-ekonomics.com/tools-to-calculate-fertilizer-needs/calculators/nutrient-removal/,"FAO(2020) FAOSTAT Domain Soil Nutrient Budget Metadata, release December 2020 https://fenixservices.fao.org/faostat/static/documents/ESB/ESB_e.pdf",https://fenixservices.fao.org/faostat/static/documents/ESB/ESB_e.pdf
203,Bambara beans,,Average of other pulses,1,,,,,,0,,,0,,,0,1,,"FAO(2020) FAOSTAT Domain Soil Nutrient Budget Metadata, release December 2020 https://fenixservices.fao.org/faostat/static/documents/ESB/ESB_e.pdf",https://fenixservices.fao.org/faostat/static/documents/ESB/ESB_e.pdf
205,Vetches,https://www.ipni.net/app/calculator/home,Vetch (DM),0,29,,29,3.3,,3.3,20.8,,20.8,0,,0,1,https://www.ipni.net/app/calculator/home,"FAO(2020) FAOSTAT Domain Soil Nutrient Budget Metadata, release December 2020 https://fenixservices.fao.org/faostat/static/documents/ESB/ESB_e.pdf",https://fenixservices.fao.org/faostat/static/documents/ESB/ESB_e.pdf
210,Lupins,,Average of other pulses,1,,,,,,0,,,0,,,0,1,,"FAO(2020) FAOSTAT Domain Soil Nutrient Budget Metadata, release December 2020 https://fenixservices.fao.org/faostat/static/documents/ESB/ESB_e.pdf",https://fenixservices.fao.org/faostat/static/documents/ESB/ESB_e.pdf
211,"Pulses, nes",,Average of other pulses,1,,,,,,0,,,0,,,0,1,,"FAO(2020) FAOSTAT Domain Soil Nutrient Budget Metadata, release December 2020 https://fenixservices.fao.org/faostat/static/documents/ESB/ESB_e.pdf",https://fenixservices.fao.org/faostat/static/documents/ESB/ESB_e.pdf
216,"Brazil nuts, with shell",,Average of other nuts,1,,,,,,0,,,0,,,0,0,,"FAO(2020) FAOSTAT Domain Soil Nutrient Budget Metadata, release December 2020 https://fenixservices.fao.org/faostat/static/documents/ESB/ESB_e.pdf",https://fenixservices.fao.org/faostat/static/documents/ESB/ESB_e.pdf
217,"Cashew nuts, with shell",,Average of other nuts,1,,,,,,0,,,0,,,0,1,,"FAO(2020) FAOSTAT Domain Soil Nutrient Budget Metadata, release December 2020 https://fenixservices.fao.org/faostat/static/documents/ESB/ESB_e.pdf",https://fenixservices.fao.org/faostat/static/documents/ESB/ESB_e.pdf
220,Chestnut,,Average of other nuts,1,,,,,,0,,,0,,,0,1,,"FAO(2020) FAOSTAT Domain Soil Nutrient Budget Metadata, release December 2020 https://fenixservices.fao.org/faostat/static/documents/ESB/ESB_e.pdf",https://fenixservices.fao.org/faostat/static/documents/ESB/ESB_e.pdf
221,"Almonds, with shell",http://www.nutrien-ekonomics.com/tools-to-calculate-fertilizer-needs/calculators/nutrient-removal/,"Almonds, with shell",0,65,,65,10.9,,10.9,70.5,,70.5,0,,0,0,http://www.nutrien-ekonomics.com/tools-to-calculate-fertilizer-needs/calculators/nutrient-removal/,"FAO(2020) FAOSTAT Domain Soil Nutrient Budget Metadata, release December 2020 https://fenixservices.fao.org/faostat/static/documents/ESB/ESB_e.pdf",https://fenixservices.fao.org/faostat/static/documents/ESB/ESB_e.pdf
222,"Walnuts, with shell",http://www.nutrien-ekonomics.com/tools-to-calculate-fertilizer-needs/calculators/nutrient-removal/,Walnut,0,34,,34,4.36,,4.36,9.96,,9.96,,,0,1,http://www.nutrien-ekonomics.com/tools-to-calculate-fertilizer-needs/calculators/nutrient-removal/,"FAO(2020) FAOSTAT Domain Soil Nutrient Budget Metadata, release December 2020 https://fenixservices.fao.org/faostat/static/documents/ESB/ESB_e.pdf",https://fenixservices.fao.org/faostat/static/documents/ESB/ESB_e.pdf
223,Pistachios,,Average of other nuts,1,,,,,,0,,,0,,,0,1,,"FAO(2020) FAOSTAT Domain Soil Nutrient Budget Metadata, release December 2020 https://fenixservices.fao.org/faostat/static/documents/ESB/ESB_e.pdf",https://fenixservices.fao.org/faostat/static/documents/ESB/ESB_e.pdf
224,Kola nuts,,Average of other nuts,1,,,,,,0,,,0,,,0,0,,"FAO(2020) FAOSTAT Domain Soil Nutrient Budget Metadata, release December 2020 https://fenixservices.fao.org/faostat/static/documents/ESB/ESB_e.pdf",https://fenixservices.fao.org/faostat/static/documents/ESB/ESB_e.pdf
225,"Hazelnuts, with shell",http://www.nutrien-ekonomics.com/tools-to-calculate-fertilizer-needs/calculators/nutrient-removal/,Hazelnuts,0,1,,1,0.436,,0.436,1.66,,1.66,,,0,0,http://www.nutrien-ekonomics.com/tools-to-calculate-fertilizer-needs/calculators/nutrient-removal/,"FAO(2020) FAOSTAT Domain Soil Nutrient Budget Metadata, release December 2020 https://fenixservices.fao.org/faostat/static/documents/ESB/ESB_e.pdf",https://fenixservices.fao.org/faostat/static/documents/ESB/ESB_e.pdf
226,Areca nuts,,Average of other nuts,1,,,,,,0,,,0,,,0,0,,"FAO(2020) FAOSTAT Domain Soil Nutrient Budget Metadata, release December 2020 https://fenixservices.fao.org/faostat/static/documents/ESB/ESB_e.pdf",https://fenixservices.fao.org/faostat/static/documents/ESB/ESB_e.pdf
234,"Nuts, nes",,Average of other nuts,1,,,,,,0,,,0,,,0,0,,"FAO(2020) FAOSTAT Domain Soil Nutrient Budget Metadata, release December 2020 https://fenixservices.fao.org/faostat/static/documents/ESB/ESB_e.pdf",https://fenixservices.fao.org/faostat/static/documents/ESB/ESB_e.pdf
236,Soybeans,https://www.ipni.net/app/calculator/home,Soybean grain + Soybean stover per unit of grain yield,0,55,18,73,5.2,1.7,6.9,16.6,14.1,30.7,3,2.8,5.8,1,https://www.ipni.net/app/calculator/home,"FAO(2020) FAOSTAT Domain Soil Nutrient Budget Metadata, release December 2020 https://fenixservices.fao.org/faostat/static/documents/ESB/ESB_e.pdf",https://fenixservices.fao.org/faostat/static/documents/ESB/ESB_e.pdf
242,"Groundnuts, with shell",,Average of other nuts,1,,,,,,0,,,0,,,0,0,,"FAO(2020) FAOSTAT Domain Soil Nutrient Budget Metadata, release December 2020 https://fenixservices.fao.org/faostat/static/documents/ESB/ESB_e.pdf",https://fenixservices.fao.org/faostat/static/documents/ESB/ESB_e.pdf
249,Coconuts,http://www.nutrien-ekonomics.com/tools-to-calculate-fertilizer-needs/calculators/nutrient-removal/,Coconut,0,5,,5,0.436,,0.436,3.32,,3.32,,,0,0,http://www.nutrien-ekonomics.com/tools-to-calculate-fertilizer-needs/calculators/nutrient-removal/,"FAO(2020) FAOSTAT Domain Soil Nutrient Budget Metadata, release December 2020 https://fenixservices.fao.org/faostat/static/documents/ESB/ESB_e.pdf",https://fenixservices.fao.org/faostat/static/documents/ESB/ESB_e.pdf
254,"Oil, palm fruit",http://www.nutrien-ekonomics.com/tools-to-calculate-fertilizer-needs/calculators/nutrient-removal/,Oil Palm,0,4,,4,0.872,,0.872,3.32,,3.32,,,0,0,http://www.nutrien-ekonomics.com/tools-to-calculate-fertilizer-needs/calculators/nutrient-removal/,"FAO(2020) FAOSTAT Domain Soil Nutrient Budget Metadata, release December 2020 https://fenixservices.fao.org/faostat/static/documents/ESB/ESB_e.pdf",https://fenixservices.fao.org/faostat/static/documents/ESB/ESB_e.pdf
256,Palm kernels,,Average of all other crops,1,,,,,,0,,,0,,,0,0,,"FAO(2020) FAOSTAT Domain Soil Nutrient Budget Metadata, release December 2020 https://fenixservices.fao.org/faostat/static/documents/ESB/ESB_e.pdf",https://fenixservices.fao.org/faostat/static/documents/ESB/ESB_e.pdf
257,"Oil, palm",,Average of all other crops,1,,,,,,0,,,0,,,0,0,,"FAO(2020) FAOSTAT Domain Soil Nutrient Budget Metadata, release December 2020 https://fenixservices.fao.org/faostat/static/documents/ESB/ESB_e.pdf",https://fenixservices.fao.org/faostat/static/documents/ESB/ESB_e.pdf
260,Olives,http://www.nutrien-ekonomics.com/tools-to-calculate-fertilizer-needs/calculators/nutrient-removal/,Olive,0,10,,10,11.336,,11.336,9.96,,9.96,,,0,0,http://www.nutrien-ekonomics.com/tools-to-calculate-fertilizer-needs/calculators/nutrient-removal/,"FAO(2020) FAOSTAT Domain Soil Nutrient Budget Metadata, release December 2020 https://fenixservices.fao.org/faostat/static/documents/ESB/ESB_e.pdf",https://fenixservices.fao.org/faostat/static/documents/ESB/ESB_e.pdf
263,Karite nuts (sheanuts),,Average of other nuts,1,,,,,,0,,,0,,,0,0,,"FAO(2020) FAOSTAT Domain Soil Nutrient Budget Metadata, release December 2020 https://fenixservices.fao.org/faostat/static/documents/ESB/ESB_e.pdf",https://fenixservices.fao.org/faostat/static/documents/ESB/ESB_e.pdf
265,Castor oil seed,,Average of other seeds,1,,,,,,0,,,0,,,0,0,,"FAO(2020) FAOSTAT Domain Soil Nutrient Budget Metadata, release December 2020 https://fenixservices.fao.org/faostat/static/documents/ESB/ESB_e.pdf",https://fenixservices.fao.org/faostat/static/documents/ESB/ESB_e.pdf
267,Sunflower seed,https://www.ipni.net/app/calculator/home,Sunflower seed + Sunflower stover per unit of grain yield,0,27,18,45,4.2,1.7,5.9,7.5,14.1,21.6,2.5,2.8,5.3,0,https://www.ipni.net/app/calculator/home,"FAO(2020) FAOSTAT Domain Soil Nutrient Budget Metadata, release December 2020 https://fenixservices.fao.org/faostat/static/documents/ESB/ESB_e.pdf",https://fenixservices.fao.org/faostat/static/documents/ESB/ESB_e.pdf
270,Rapeseed,,Average of other seeds,1,,,,,,0,,,0,,,0,0,,"FAO(2020) FAOSTAT Domain Soil Nutrient Budget Metadata, release December 2020 https://fenixservices.fao.org/faostat/static/documents/ESB/ESB_e.pdf",https://fenixservices.fao.org/faostat/static/documents/ESB/ESB_e.pdf
275,Tung nuts,,Average of other nuts,1,,,,,,0,,,0,,,0,0,,"FAO(2020) FAOSTAT Domain Soil Nutrient Budget Metadata, release December 2020 https://fenixservices.fao.org/faostat/static/documents/ESB/ESB_e.pdf",https://fenixservices.fao.org/faostat/static/documents/ESB/ESB_e.pdf
280,Safflower seed,https://www.ipni.net/app/calculator/home,Safflower seed,0,50,,50,5.2,,5.2,31.5,,31.5,0,,0,0,https://www.ipni.net/app/calculator/home,"FAO(2020) FAOSTAT Domain Soil Nutrient Budget Metadata, release December 2020 https://fenixservices.fao.org/faostat/static/documents/ESB/ESB_e.pdf",https://fenixservices.fao.org/faostat/static/documents/ESB/ESB_e.pdf
289,Sesame seed,,Average of other seeds,1,,,,,,0,,,0,,,0,0,,"FAO(2020) FAOSTAT Domain Soil Nutrient Budget Metadata, release December 2020 https://fenixservices.fao.org/faostat/static/documents/ESB/ESB_e.pdf",https://fenixservices.fao.org/faostat/static/documents/ESB/ESB_e.pdf
292,Mustard seed,,Average of other seeds,1,,,,,,0,,,0,,,0,0,,"FAO(2020) FAOSTAT Domain Soil Nutrient Budget Metadata, release December 2020 https://fenixservices.fao.org/faostat/static/documents/ESB/ESB_e.pdf",https://fenixservices.fao.org/faostat/static/documents/ESB/ESB_e.pdf
296,Poppy seed,,Average of other seeds,1,,,,,,0,,,0,,,0,0,,"FAO(2020) FAOSTAT Domain Soil Nutrient Budget Metadata, release December 2020 https://fenixservices.fao.org/faostat/static/documents/ESB/ESB_e.pdf",https://fenixservices.fao.org/faostat/static/documents/ESB/ESB_e.pdf
299,Melonseed,,Average of other seeds,1,,,,,,0,,,0,,,0,0,,"FAO(2020) FAOSTAT Domain Soil Nutrient Budget Metadata, release December 2020 https://fenixservices.fao.org/faostat/static/documents/ESB/ESB_e.pdf",https://fenixservices.fao.org/faostat/static/documents/ESB/ESB_e.pdf
305,Tallowtree seed,,Average of other seeds,1,,,,,,0,,,0,,,0,0,,"FAO(2020) FAOSTAT Domain Soil Nutrient Budget Metadata, release December 2020 https://fenixservices.fao.org/faostat/static/documents/ESB/ESB_e.pdf",https://fenixservices.fao.org/faostat/static/documents/ESB/ESB_e.pdf
310,Kapok fruit,,Average of all other crops,1,,,,,,0,,,0,,,0,0,,"FAO(2020) FAOSTAT Domain Soil Nutrient Budget Metadata, release December 2020 https://fenixservices.fao.org/faostat/static/documents/ESB/ESB_e.pdf",https://fenixservices.fao.org/faostat/static/documents/ESB/ESB_e.pdf
311,Kapokseed in shell,,Average of all other crops,1,,,,,,0,,,0,,,0,0,,"FAO(2020) FAOSTAT Domain Soil Nutrient Budget Metadata, release December 2020 https://fenixservices.fao.org/faostat/static/documents/ESB/ESB_e.pdf",https://fenixservices.fao.org/faostat/static/documents/ESB/ESB_e.pdf
328,Seed cotton,https://www.ipni.net/app/calculator/home,Cotton lint and seed + Cotton stover,0,64,8,72,12.2,1.3,13.5,31.5,16.6,48.1,0,1.3,1.3,0,https://www.ipni.net/app/calculator/home,"FAO(2020) FAOSTAT Domain Soil Nutrient Budget Metadata, release December 2020 https://fenixservices.fao.org/faostat/static/documents/ESB/ESB_e.pdf",https://fenixservices.fao.org/faostat/static/documents/ESB/ESB_e.pdf
329,Cottonseed,https://www.ipni.net/app/calculator/home,Cotton lint and seed + Cotton stover,0,64,8,72,12.2,1.3,13.5,31.5,16.6,48.1,0,1.3,1.3,0,https://www.ipni.net/app/calculator/home,"FAO(2020) FAOSTAT Domain Soil Nutrient Budget Metadata, release December 2020 https://fenixservices.fao.org/faostat/static/documents/ESB/ESB_e.pdf",https://fenixservices.fao.org/faostat/static/documents/ESB/ESB_e.pdf
333,Linseed,,Average of other seeds,1,,,,,,0,,,0,,,0,0,,"FAO(2020) FAOSTAT Domain Soil Nutrient Budget Metadata, release December 2020 https://fenixservices.fao.org/faostat/static/documents/ESB/ESB_e.pdf",https://fenixservices.fao.org/faostat/static/documents/ESB/ESB_e.pdf
336,Hempseed,,Average of other seeds,1,,,,,,0,,,0,,,0,0,,"FAO(2020) FAOSTAT Domain Soil Nutrient Budget Metadata, release December 2020 https://fenixservices.fao.org/faostat/static/documents/ESB/ESB_e.pdf",https://fenixservices.fao.org/faostat/static/documents/ESB/ESB_e.pdf
339,Oilseeds nes,,Average of other seeds,1,,,,,,0,,,0,,,0,0,,"FAO(2020) FAOSTAT Domain Soil Nutrient Budget Metadata, release December 2020 https://fenixservices.fao.org/faostat/static/documents/ESB/ESB_e.pdf",https://fenixservices.fao.org/faostat/static/documents/ESB/ESB_e.pdf
358,Cabbages and other brassicas,http://www.nutrien-ekonomics.com/tools-to-calculate-fertilizer-needs/calculators/nutrient-removal/,Cabbage,0,3.9,,3.9,0.4,,0.4,3,,3,0,,0,0,http://www.nutrien-ekonomics.com/tools-to-calculate-fertilizer-needs/calculators/nutrient-removal/,"FAO(2020) FAOSTAT Domain Soil Nutrient Budget Metadata, release December 2020 https://fenixservices.fao.org/faostat/static/documents/ESB/ESB_e.pdf",https://fenixservices.fao.org/faostat/static/documents/ESB/ESB_e.pdf
366,Artichokes,,Average of other Vegetables,1,,,,,,0,,,0,,,0,0,,"FAO(2020) FAOSTAT Domain Soil Nutrient Budget Metadata, release December 2020 https://fenixservices.fao.org/faostat/static/documents/ESB/ESB_e.pdf",https://fenixservices.fao.org/faostat/static/documents/ESB/ESB_e.pdf
367,Asparagus,http://www.nutrien-ekonomics.com/tools-to-calculate-fertilizer-needs/calculators/nutrient-removal/,Asparagus,0,7,,,0.872,,0.872,4.15,,4.15,,,0,0,http://www.nutrien-ekonomics.com/tools-to-calculate-fertilizer-needs/calculators/nutrient-removal/,"FAO(2020) FAOSTAT Domain Soil Nutrient Budget Metadata, release December 2020 https://fenixservices.fao.org/faostat/static/documents/ESB/ESB_e.pdf",https://fenixservices.fao.org/faostat/static/documents/ESB/ESB_e.pdf
372,Lettuce and chicory,https://www.ipni.net/app/calculator/home,Lettuce,0,2.4,,2.4,0.3,,0.3,4.2,,4.2,0,,0,0,https://www.ipni.net/app/calculator/home,"FAO(2020) FAOSTAT Domain Soil Nutrient Budget Metadata, release December 2020 https://fenixservices.fao.org/faostat/static/documents/ESB/ESB_e.pdf",https://fenixservices.fao.org/faostat/static/documents/ESB/ESB_e.pdf
373,Spinach,http://www.nutrien-ekonomics.com/tools-to-calculate-fertilizer-needs/calculators/nutrient-removal/,Spinach,0,5,,5,0.436,,0.436,4.98,,4.98,,,0,0,http://www.nutrien-ekonomics.com/tools-to-calculate-fertilizer-needs/calculators/nutrient-removal/,"FAO(2020) FAOSTAT Domain Soil Nutrient Budget Metadata, release December 2020 https://fenixservices.fao.org/faostat/static/documents/ESB/ESB_e.pdf",https://fenixservices.fao.org/faostat/static/documents/ESB/ESB_e.pdf
378,Cassava leaves,,Average of other Vegetables,1,,,,,,0,,,0,,,0,0,,"FAO(2020) FAOSTAT Domain Soil Nutrient Budget Metadata, release December 2020 https://fenixservices.fao.org/faostat/static/documents/ESB/ESB_e.pdf",https://fenixservices.fao.org/faostat/static/documents/ESB/ESB_e.pdf
388,Tomatoes,https://www.ipni.net/app/calculator/home,Tomato,0,1.3,,1.3,0.2,,0.2,2.4,,2.4,0,,0,0,https://www.ipni.net/app/calculator/home,"FAO(2020) FAOSTAT Domain Soil Nutrient Budget Metadata, release December 2020 https://fenixservices.fao.org/faostat/static/documents/ESB/ESB_e.pdf",https://fenixservices.fao.org/faostat/static/documents/ESB/ESB_e.pdf
393,Cauliflowers and broccoli,http://www.nutrien-ekonomics.com/tools-to-calculate-fertilizer-needs/calculators/nutrient-removal/,Broccoli,0,4.4,,4.4,0.7,,0.7,3.5,,3.5,0,,0,0,http://www.nutrien-ekonomics.com/tools-to-calculate-fertilizer-needs/calculators/nutrient-removal/,"FAO(2020) FAOSTAT Domain Soil Nutrient Budget Metadata, release December 2020 https://fenixservices.fao.org/faostat/static/documents/ESB/ESB_e.pdf",https://fenixservices.fao.org/faostat/static/documents/ESB/ESB_e.pdf
394,"Pumpkins, squash and gourds",https://www.ipni.net/app/calculator/home,Squash,0,4.2,,4.2,0.4,,0.4,5,,5,0,,0,0,https://www.ipni.net/app/calculator/home,"FAO(2020) FAOSTAT Domain Soil Nutrient Budget Metadata, release December 2020 https://fenixservices.fao.org/faostat/static/documents/ESB/ESB_e.pdf",https://fenixservices.fao.org/faostat/static/documents/ESB/ESB_e.pdf
397,Cucumbers and gherkins,http://www.nutrien-ekonomics.com/tools-to-calculate-fertilizer-needs/calculators/nutrient-removal/,Cucumber,0,1,,1,0.436,,0.436,1.66,,1.66,,,0,0,http://www.nutrien-ekonomics.com/tools-to-calculate-fertilizer-needs/calculators/nutrient-removal/,"FAO(2020) FAOSTAT Domain Soil Nutrient Budget Metadata, release December 2020 https://fenixservices.fao.org/faostat/static/documents/ESB/ESB_e.pdf",https://fenixservices.fao.org/faostat/static/documents/ESB/ESB_e.pdf
399,Eggplants (aubergines),http://www.nutrien-ekonomics.com/tools-to-calculate-fertilizer-needs/calculators/nutrient-removal/,Eggplant,0,2,,2,0.436,,0.436,2.49,,2.49,,,0,0,http://www.nutrien-ekonomics.com/tools-to-calculate-fertilizer-needs/calculators/nutrient-removal/,"FAO(2020) FAOSTAT Domain Soil Nutrient Budget Metadata, release December 2020 https://fenixservices.fao.org/faostat/static/documents/ESB/ESB_e.pdf",https://fenixservices.fao.org/faostat/static/documents/ESB/ESB_e.pdf
401,"Chillies and peppers, green",http://www.nutrien-ekonomics.com/tools-to-calculate-fertilizer-needs/calculators/nutrient-removal/,Sweet peppers,0,2,,2,0.436,,0.436,2.49,,2.49,,,0,0,http://www.nutrien-ekonomics.com/tools-to-calculate-fertilizer-needs/calculators/nutrient-removal/,"FAO(2020) FAOSTAT Domain Soil Nutrient Budget Metadata, release December 2020 https://fenixservices.fao.org/faostat/static/documents/ESB/ESB_e.pdf",https://fenixservices.fao.org/faostat/static/documents/ESB/ESB_e.pdf
402,"Onions, shallots, green",http://www.nutrien-ekonomics.com/tools-to-calculate-fertilizer-needs/calculators/nutrient-removal/,Onion,0,2,,2,0.436,,0.436,1.66,,1.66,,,0,0,http://www.nutrien-ekonomics.com/tools-to-calculate-fertilizer-needs/calculators/nutrient-removal/,"FAO(2020) FAOSTAT Domain Soil Nutrient Budget Metadata, release December 2020 https://fenixservices.fao.org/faostat/static/documents/ESB/ESB_e.pdf",https://fenixservices.fao.org/faostat/static/documents/ESB/ESB_e.pdf
403,"Onions, dry",http://www.nutrien-ekonomics.com/tools-to-calculate-fertilizer-needs/calculators/nutrient-removal/,Onion,0,2,,2,0.436,,0.436,1.66,,1.66,,,0,0,http://www.nutrien-ekonomics.com/tools-to-calculate-fertilizer-needs/calculators/nutrient-removal/,"FAO(2020) FAOSTAT Domain Soil Nutrient Budget Metadata, release December 2020 https://fenixservices.fao.org/faostat/static/documents/ESB/ESB_e.pdf",https://fenixservices.fao.org/faostat/static/documents/ESB/ESB_e.pdf
406,Garlic,,Average of other Vegetables,1,,,,,,0,,,0,,,0,0,,"FAO(2020) FAOSTAT Domain Soil Nutrient Budget Metadata, release December 2020 https://fenixservices.fao.org/faostat/static/documents/ESB/ESB_e.pdf",https://fenixservices.fao.org/faostat/static/documents/ESB/ESB_e.pdf
407,"Leeks, other alliaceous vegetables",,Average of other Vegetables,1,,,,,,0,,,0,,,0,0,,"FAO(2020) FAOSTAT Domain Soil Nutrient Budget Metadata, release December 2020 https://fenixservices.fao.org/faostat/static/documents/ESB/ESB_e.pdf",https://fenixservices.fao.org/faostat/static/documents/ESB/ESB_e.pdf
414,"Beans, green",,Average of other Vegetables,1,,,,,,0,,,0,,,0,1,,"FAO(2020) FAOSTAT Domain Soil Nutrient Budget Metadata, release December 2020 https://fenixservices.fao.org/faostat/static/documents/ESB/ESB_e.pdf",https://fenixservices.fao.org/faostat/static/documents/ESB/ESB_e.pdf
417,"Peas, green",,Average of other Vegetables,1,,,,,,0,,,0,,,0,1,,"FAO(2020) FAOSTAT Domain Soil Nutrient Budget Metadata, release December 2020 https://fenixservices.fao.org/faostat/static/documents/ESB/ESB_e.pdf",https://fenixservices.fao.org/faostat/static/documents/ESB/ESB_e.pdf
420,"Vegetables, leguminous nes",,Average of other Vegetables,1,,,,,,0,,,0,,,0,1,,"FAO(2020) FAOSTAT Domain Soil Nutrient Budget Metadata, release December 2020 https://fenixservices.fao.org/faostat/static/documents/ESB/ESB_e.pdf",https://fenixservices.fao.org/faostat/static/documents/ESB/ESB_e.pdf
423,String beans,,Average of other Vegetables,1,,,,,,0,,,0,,,0,1,,"FAO(2020) FAOSTAT Domain Soil Nutrient Budget Metadata, release December 2020 https://fenixservices.fao.org/faostat/static/documents/ESB/ESB_e.pdf",https://fenixservices.fao.org/faostat/static/documents/ESB/ESB_e.pdf
426,Carrots and turnips,http://www.nutrien-ekonomics.com/tools-to-calculate-fertilizer-needs/calculators/nutrient-removal/,Carrot,0,2,,,0.436,,0.436,2.49,,2.49,,,0,0,http://www.nutrien-ekonomics.com/tools-to-calculate-fertilizer-needs/calculators/nutrient-removal/,"FAO(2020) FAOSTAT Domain Soil Nutrient Budget Metadata, release December 2020 https://fenixservices.fao.org/faostat/static/documents/ESB/ESB_e.pdf",https://fenixservices.fao.org/faostat/static/documents/ESB/ESB_e.pdf
430,Okra,http://www.nutrien-ekonomics.com/tools-to-calculate-fertilizer-needs/calculators/nutrient-removal/,Okra,0,3,,3,0.436,,0.436,4.15,,4.15,,,0,0,http://www.nutrien-ekonomics.com/tools-to-calculate-fertilizer-needs/calculators/nutrient-removal/,"FAO(2020) FAOSTAT Domain Soil Nutrient Budget Metadata, release December 2020 https://fenixservices.fao.org/faostat/static/documents/ESB/ESB_e.pdf",https://fenixservices.fao.org/faostat/static/documents/ESB/ESB_e.pdf
446,"Maize, green",,Average of other Vegetables,1,,,,,,0,,,0,,,0,0,,"FAO(2020) FAOSTAT Domain Soil Nutrient Budget Metadata, release December 2020 https://fenixservices.fao.org/faostat/static/documents/ESB/ESB_e.pdf",https://fenixservices.fao.org/faostat/static/documents/ESB/ESB_e.pdf
449,Mushrooms and truffles,,Average of other Vegetables,1,,,,,,0,,,0,,,0,0,,"FAO(2020) FAOSTAT Domain Soil Nutrient Budget Metadata, release December 2020 https://fenixservices.fao.org/faostat/static/documents/ESB/ESB_e.pdf",https://fenixservices.fao.org/faostat/static/documents/ESB/ESB_e.pdf
459,Chicory roots,,Average of other Vegetables,1,,,,,,0,,,0,,,0,0,,"FAO(2020) FAOSTAT Domain Soil Nutrient Budget Metadata, release December 2020 https://fenixservices.fao.org/faostat/static/documents/ESB/ESB_e.pdf",https://fenixservices.fao.org/faostat/static/documents/ESB/ESB_e.pdf
461,Carobs,,Average of other Vegetables,1,,,,,,0,,,0,,,0,0,,"FAO(2020) FAOSTAT Domain Soil Nutrient Budget Metadata, release December 2020 https://fenixservices.fao.org/faostat/static/documents/ESB/ESB_e.pdf",https://fenixservices.fao.org/faostat/static/documents/ESB/ESB_e.pdf
463,"Vegetables, fresh nes",,Average of other Vegetables,1,,,,,,0,,,0,,,0,0,,"FAO(2020) FAOSTAT Domain Soil Nutrient Budget Metadata, release December 2020 https://fenixservices.fao.org/faostat/static/documents/ESB/ESB_e.pdf",https://fenixservices.fao.org/faostat/static/documents/ESB/ESB_e.pdf
486,Bananas,http://www.nutrien-ekonomics.com/tools-to-calculate-fertilizer-needs/calculators/nutrient-removal/,Banana,0,2,,,0.436,,0.436,13.28,,13.28,,,0,0,http://www.nutrien-ekonomics.com/tools-to-calculate-fertilizer-needs/calculators/nutrient-removal/,"FAO(2020) FAOSTAT Domain Soil Nutrient Budget Metadata, release December 2020 https://fenixservices.fao.org/faostat/static/documents/ESB/ESB_e.pdf",https://fenixservices.fao.org/faostat/static/documents/ESB/ESB_e.pdf
489,Plantains and others,http://www.nutrien-ekonomics.com/tools-to-calculate-fertilizer-needs/calculators/nutrient-removal/,Plantain,0,8,,,0.436,,0.436,6.64,,6.64,,,0,0,http://www.nutrien-ekonomics.com/tools-to-calculate-fertilizer-needs/calculators/nutrient-removal/,"FAO(2020) FAOSTAT Domain Soil Nutrient Budget Metadata, release December 2020 https://fenixservices.fao.org/faostat/static/documents/ESB/ESB_e.pdf",https://fenixservices.fao.org/faostat/static/documents/ESB/ESB_e.pdf
490,Oranges,https://www.ipni.net/app/calculator/home,Oranges,0,4.4,,4.4,0.4,,0.4,4.6,,4.6,0,,0,0,https://www.ipni.net/app/calculator/home,"FAO(2020) FAOSTAT Domain Soil Nutrient Budget Metadata, release December 2020 https://fenixservices.fao.org/faostat/static/documents/ESB/ESB_e.pdf",https://fenixservices.fao.org/faostat/static/documents/ESB/ESB_e.pdf
495,"Tangerines, mandarins, clementines, satsumas",,Average of other fruits,1,,,,,,0,,,0,,,0,0,,"FAO(2020) FAOSTAT Domain Soil Nutrient Budget Metadata, release December 2020 https://fenixservices.fao.org/faostat/static/documents/ESB/ESB_e.pdf",https://fenixservices.fao.org/faostat/static/documents/ESB/ESB_e.pdf
497,Lemons and limes,,Average of other fruits,1,,,,,,0,,,0,,,0,0,,"FAO(2020) FAOSTAT Domain Soil Nutrient Budget Metadata, release December 2020 https://fenixservices.fao.org/faostat/static/documents/ESB/ESB_e.pdf",https://fenixservices.fao.org/faostat/static/documents/ESB/ESB_e.pdf
507,Grapefruit (inc. pomelos),,Average of other fruits,1,,,,,,0,,,0,,,0,0,,"FAO(2020) FAOSTAT Domain Soil Nutrient Budget Metadata, release December 2020 https://fenixservices.fao.org/faostat/static/documents/ESB/ESB_e.pdf",https://fenixservices.fao.org/faostat/static/documents/ESB/ESB_e.pdf
512,"Fruit, citrus nes",http://www.nutrien-ekonomics.com/tools-to-calculate-fertilizer-needs/calculators/nutrient-removal/,Citrus,0,1,,,0.436,,0.436,2.49,,2.49,,,0,0,http://www.nutrien-ekonomics.com/tools-to-calculate-fertilizer-needs/calculators/nutrient-removal/,"FAO(2020) FAOSTAT Domain Soil Nutrient Budget Metadata, release December 2020 https://fenixservices.fao.org/faostat/static/documents/ESB/ESB_e.pdf",https://fenixservices.fao.org/faostat/static/documents/ESB/ESB_e.pdf
515,Apples,https://www.ipni.net/app/calculator/home,Apples,0,3,,3,0.8,,0.8,7,,7,0,,0,0,https://www.ipni.net/app/calculator/home,"FAO(2020) FAOSTAT Domain Soil Nutrient Budget Metadata, release December 2020 https://fenixservices.fao.org/faostat/static/documents/ESB/ESB_e.pdf",https://fenixservices.fao.org/faostat/static/documents/ESB/ESB_e.pdf
521,Pears,https://www.ipni.net/app/calculator/home,Pears,0,2.9,,2.9,0.4,,0.4,2.6,,2.6,0,,0,0,https://www.ipni.net/app/calculator/home,"FAO(2020) FAOSTAT Domain Soil Nutrient Budget Metadata, release December 2020 https://fenixservices.fao.org/faostat/static/documents/ESB/ESB_e.pdf",https://fenixservices.fao.org/faostat/static/documents/ESB/ESB_e.pdf
523,Quinces,,Average of other fruits,1,,,,,,0,,,0,,,0,0,,"FAO(2020) FAOSTAT Domain Soil Nutrient Budget Metadata, release December 2020 https://fenixservices.fao.org/faostat/static/documents/ESB/ESB_e.pdf",https://fenixservices.fao.org/faostat/static/documents/ESB/ESB_e.pdf
526,Apricots,,Average of other fruits,1,,,,,,0,,,0,,,0,0,,"FAO(2020) FAOSTAT Domain Soil Nutrient Budget Metadata, release December 2020 https://fenixservices.fao.org/faostat/static/documents/ESB/ESB_e.pdf",https://fenixservices.fao.org/faostat/static/documents/ESB/ESB_e.pdf
530,"Cherries, sour",,Average of other fruits,1,,,,,,0,,,0,,,0,0,,"FAO(2020) FAOSTAT Domain Soil Nutrient Budget Metadata, release December 2020 https://fenixservices.fao.org/faostat/static/documents/ESB/ESB_e.pdf",https://fenixservices.fao.org/faostat/static/documents/ESB/ESB_e.pdf
531,Cherries,,Average of other fruits,1,,,,,,0,,,0,,,0,0,,"FAO(2020) FAOSTAT Domain Soil Nutrient Budget Metadata, release December 2020 https://fenixservices.fao.org/faostat/static/documents/ESB/ESB_e.pdf",https://fenixservices.fao.org/faostat/static/documents/ESB/ESB_e.pdf
534,Peaches and nectarines,http://www.nutrien-ekonomics.com/tools-to-calculate-fertilizer-needs/calculators/nutrient-removal/,Peaches,0,3,,3,0.436,,0.436,3.32,,3.32,0,,0,0,http://www.nutrien-ekonomics.com/tools-to-calculate-fertilizer-needs/calculators/nutrient-removal/,"FAO(2020) FAOSTAT Domain Soil Nutrient Budget Metadata, release December 2020 https://fenixservices.fao.org/faostat/static/documents/ESB/ESB_e.pdf",https://fenixservices.fao.org/faostat/static/documents/ESB/ESB_e.pdf
536,Plums and sloes,,Average of other fruits,1,,,,,,0,,,0,,,0,0,,"FAO(2020) FAOSTAT Domain Soil Nutrient Budget Metadata, release December 2020 https://fenixservices.fao.org/faostat/static/documents/ESB/ESB_e.pdf",https://fenixservices.fao.org/faostat/static/documents/ESB/ESB_e.pdf
541,"Fruit, stone nes",,Average of other fruits,1,,,,,,0,,,0,,,0,0,,"FAO(2020) FAOSTAT Domain Soil Nutrient Budget Metadata, release December 2020 https://fenixservices.fao.org/faostat/static/documents/ESB/ESB_e.pdf",https://fenixservices.fao.org/faostat/static/documents/ESB/ESB_e.pdf
542,"Fruit, pome nes",,Average of other fruits,1,,,,,,0,,,0,,,0,0,,"FAO(2020) FAOSTAT Domain Soil Nutrient Budget Metadata, release December 2020 https://fenixservices.fao.org/faostat/static/documents/ESB/ESB_e.pdf",https://fenixservices.fao.org/faostat/static/documents/ESB/ESB_e.pdf
544,Strawberries,http://www.nutrien-ekonomics.com/tools-to-calculate-fertilizer-needs/calculators/nutrient-removal/,Strawberry,0,10,,10,1.744,,1.744,8.3,,8.3,,,0,0,http://www.nutrien-ekonomics.com/tools-to-calculate-fertilizer-needs/calculators/nutrient-removal/,"FAO(2020) FAOSTAT Domain Soil Nutrient Budget Metadata, release December 2020 https://fenixservices.fao.org/faostat/static/documents/ESB/ESB_e.pdf",https://fenixservices.fao.org/faostat/static/documents/ESB/ESB_e.pdf
547,Raspberries,,Average of other fruits,1,,,,,,0,,,0,,,0,0,,"FAO(2020) FAOSTAT Domain Soil Nutrient Budget Metadata, release December 2020 https://fenixservices.fao.org/faostat/static/documents/ESB/ESB_e.pdf",https://fenixservices.fao.org/faostat/static/documents/ESB/ESB_e.pdf
549,Gooseberries,,Average of other fruits,1,,,,,,0,,,0,,,0,0,,"FAO(2020) FAOSTAT Domain Soil Nutrient Budget Metadata, release December 2020 https://fenixservices.fao.org/faostat/static/documents/ESB/ESB_e.pdf",https://fenixservices.fao.org/faostat/static/documents/ESB/ESB_e.pdf
550,Currants,,Average of other fruits,1,,,,,,0,,,0,,,0,0,,"FAO(2020) FAOSTAT Domain Soil Nutrient Budget Metadata, release December 2020 https://fenixservices.fao.org/faostat/static/documents/ESB/ESB_e.pdf",https://fenixservices.fao.org/faostat/static/documents/ESB/ESB_e.pdf
552,Blueberries,http://www.nutrien-ekonomics.com/tools-to-calculate-fertilizer-needs/calculators/nutrient-removal/,Blueberries,0,1,,,0,,0,0.83,,0.83,,,0,0,http://www.nutrien-ekonomics.com/tools-to-calculate-fertilizer-needs/calculators/nutrient-removal/,"FAO(2020) FAOSTAT Domain Soil Nutrient Budget Metadata, release December 2020 https://fenixservices.fao.org/faostat/static/documents/ESB/ESB_e.pdf",https://fenixservices.fao.org/faostat/static/documents/ESB/ESB_e.pdf
554,Cranberries,,Average of other fruits,1,,,,,,0,,,0,,,0,0,,"FAO(2020) FAOSTAT Domain Soil Nutrient Budget Metadata, release December 2020 https://fenixservices.fao.org/faostat/static/documents/ESB/ESB_e.pdf",https://fenixservices.fao.org/faostat/static/documents/ESB/ESB_e.pdf
558,Berries nes,,Average of other fruits,1,,,,,,0,,,0,,,0,0,,"FAO(2020) FAOSTAT Domain Soil Nutrient Budget Metadata, release December 2020 https://fenixservices.fao.org/faostat/static/documents/ESB/ESB_e.pdf",https://fenixservices.fao.org/faostat/static/documents/ESB/ESB_e.pdf
560,Grapes,http://www.nutrien-ekonomics.com/tools-to-calculate-fertilizer-needs/calculators/nutrient-removal/,Grapes,0,4.2,,4.2,0.7,,0.7,5.4,,5.4,0,,0,0,http://www.nutrien-ekonomics.com/tools-to-calculate-fertilizer-needs/calculators/nutrient-removal/,"FAO(2020) FAOSTAT Domain Soil Nutrient Budget Metadata, release December 2020 https://fenixservices.fao.org/faostat/static/documents/ESB/ESB_e.pdf",https://fenixservices.fao.org/faostat/static/documents/ESB/ESB_e.pdf
567,Watermelons,,Average of other fruits,1,,,,,,0,,,0,,,0,0,,"FAO(2020) FAOSTAT Domain Soil Nutrient Budget Metadata, release December 2020 https://fenixservices.fao.org/faostat/static/documents/ESB/ESB_e.pdf",https://fenixservices.fao.org/faostat/static/documents/ESB/ESB_e.pdf
568,"Melons, other (inc.cantaloupes)",,Average of other fruits,1,,,,,,0,,,0,,,0,0,,"FAO(2020) FAOSTAT Domain Soil Nutrient Budget Metadata, release December 2020 https://fenixservices.fao.org/faostat/static/documents/ESB/ESB_e.pdf",https://fenixservices.fao.org/faostat/static/documents/ESB/ESB_e.pdf
569,Figs,,Average of other fruits,1,,,,,,0,,,0,,,0,0,,"FAO(2020) FAOSTAT Domain Soil Nutrient Budget Metadata, release December 2020 https://fenixservices.fao.org/faostat/static/documents/ESB/ESB_e.pdf",https://fenixservices.fao.org/faostat/static/documents/ESB/ESB_e.pdf
571,"Mangoes, mangosteens, guavas",http://www.nutrien-ekonomics.com/tools-to-calculate-fertilizer-needs/calculators/nutrient-removal/,Mango,0,7,,7,0.872,,0.872,6.64,,6.64,,,0,0,http://www.nutrien-ekonomics.com/tools-to-calculate-fertilizer-needs/calculators/nutrient-removal/,"FAO(2020) FAOSTAT Domain Soil Nutrient Budget Metadata, release December 2020 https://fenixservices.fao.org/faostat/static/documents/ESB/ESB_e.pdf",https://fenixservices.fao.org/faostat/static/documents/ESB/ESB_e.pdf
572,Avocados,http://www.nutrien-ekonomics.com/tools-to-calculate-fertilizer-needs/calculators/nutrient-removal/,Avocado,0,3,,,0.872,,0.872,,,3.49,,,0,0,http://www.nutrien-ekonomics.com/tools-to-calculate-fertilizer-needs/calculators/nutrient-removal/,"FAO(2020) FAOSTAT Domain Soil Nutrient Budget Metadata, release December 2020 https://fenixservices.fao.org/faostat/static/documents/ESB/ESB_e.pdf",https://fenixservices.fao.org/faostat/static/documents/ESB/ESB_e.pdf
574,Pineapples,http://www.nutrien-ekonomics.com/tools-to-calculate-fertilizer-needs/calculators/nutrient-removal/,Pineapple,0,1,,,0,,0,1.66,,1.66,,,0,0,http://www.nutrien-ekonomics.com/tools-to-calculate-fertilizer-needs/calculators/nutrient-removal/,"FAO(2020) FAOSTAT Domain Soil Nutrient Budget Metadata, release December 2020 https://fenixservices.fao.org/faostat/static/documents/ESB/ESB_e.pdf",https://fenixservices.fao.org/faostat/static/documents/ESB/ESB_e.pdf
577,Dates,,Average of other fruits,1,,,,,,0,,,0,,,0,0,,"FAO(2020) FAOSTAT Domain Soil Nutrient Budget Metadata, release December 2020 https://fenixservices.fao.org/faostat/static/documents/ESB/ESB_e.pdf",https://fenixservices.fao.org/faostat/static/documents/ESB/ESB_e.pdf
587,Persimmons,,Average of other fruits,1,,,,,,0,,,0,,,0,0,,"FAO(2020) FAOSTAT Domain Soil Nutrient Budget Metadata, release December 2020 https://fenixservices.fao.org/faostat/static/documents/ESB/ESB_e.pdf",https://fenixservices.fao.org/faostat/static/documents/ESB/ESB_e.pdf
591,Cashewapple,,Average of other fruits,1,,,,,,0,,,0,,,0,0,,"FAO(2020) FAOSTAT Domain Soil Nutrient Budget Metadata, release December 2020 https://fenixservices.fao.org/faostat/static/documents/ESB/ESB_e.pdf",https://fenixservices.fao.org/faostat/static/documents/ESB/ESB_e.pdf
592,Kiwi fruit,,Average of other fruits,1,,,,,,0,,,0,,,0,0,,"FAO(2020) FAOSTAT Domain Soil Nutrient Budget Metadata, release December 2020 https://fenixservices.fao.org/faostat/static/documents/ESB/ESB_e.pdf",https://fenixservices.fao.org/faostat/static/documents/ESB/ESB_e.pdf
600,Papayas,http://www.nutrien-ekonomics.com/tools-to-calculate-fertilizer-needs/calculators/nutrient-removal/,Papaya,0,119,,119,17.876,,17.876,144.42,,144.42,,,0,0,http://www.nutrien-ekonomics.com/tools-to-calculate-fertilizer-needs/calculators/nutrient-removal/,"FAO(2020) FAOSTAT Domain Soil Nutrient Budget Metadata, release December 2020 https://fenixservices.fao.org/faostat/static/documents/ESB/ESB_e.pdf",https://fenixservices.fao.org/faostat/static/documents/ESB/ESB_e.pdf
603,"Fruit, tropical fresh nes",,Average of other fruits,1,,,,,,0,,,0,,,0,0,,"FAO(2020) FAOSTAT Domain Soil Nutrient Budget Metadata, release December 2020 https://fenixservices.fao.org/faostat/static/documents/ESB/ESB_e.pdf",https://fenixservices.fao.org/faostat/static/documents/ESB/ESB_e.pdf
619,"Fruit, fresh nes",,Average of other fruits,1,,,,,,0,,,0,,,0,0,,"FAO(2020) FAOSTAT Domain Soil Nutrient Budget Metadata, release December 2020 https://fenixservices.fao.org/faostat/static/documents/ESB/ESB_e.pdf",https://fenixservices.fao.org/faostat/static/documents/ESB/ESB_e.pdf
656,"Coffee, green",http://www.nutrien-ekonomics.com/tools-to-calculate-fertilizer-needs/calculators/nutrient-removal/,Coffee,0,17,,17,1.31,,1.31,15.77,,15.77,,,,0,http://www.nutrien-ekonomics.com/tools-to-calculate-fertilizer-needs/calculators/nutrient-removal/,"FAO(2020) FAOSTAT Domain Soil Nutrient Budget Metadata, release December 2020 https://fenixservices.fao.org/faostat/static/documents/ESB/ESB_e.pdf",https://fenixservices.fao.org/faostat/static/documents/ESB/ESB_e.pdf
661,"Cocoa, beans",http://www.nutrien-ekonomics.com/tools-to-calculate-fertilizer-needs/calculators/nutrient-removal/,Cocoa,0,28,,28,4.36,,4.36,48.14,,48.14,,,0,0,http://www.nutrien-ekonomics.com/tools-to-calculate-fertilizer-needs/calculators/nutrient-removal/,"FAO(2020) FAOSTAT Domain Soil Nutrient Budget Metadata, release December 2020 https://fenixservices.fao.org/faostat/static/documents/ESB/ESB_e.pdf",https://fenixservices.fao.org/faostat/static/documents/ESB/ESB_e.pdf
667,Tea,http://www.nutrien-ekonomics.com/tools-to-calculate-fertilizer-needs/calculators/nutrient-removal/,Coffee,0,17,,17,1.31,,1.31,15.77,,15.77,,,,0,http://www.nutrien-ekonomics.com/tools-to-calculate-fertilizer-needs/calculators/nutrient-removal/,"FAO(2020) FAOSTAT Domain Soil Nutrient Budget Metadata, release December 2020 https://fenixservices.fao.org/faostat/static/documents/ESB/ESB_e.pdf",https://fenixservices.fao.org/faostat/static/documents/ESB/ESB_e.pdf
671,Mate,http://www.nutrien-ekonomics.com/tools-to-calculate-fertilizer-needs/calculators/nutrient-removal/,Coffee,0,17,,17,1.31,,1.31,15.77,,15.77,,,,0,http://www.nutrien-ekonomics.com/tools-to-calculate-fertilizer-needs/calculators/nutrient-removal/,"FAO(2020) FAOSTAT Domain Soil Nutrient Budget Metadata, release December 2020 https://fenixservices.fao.org/faostat/static/documents/ESB/ESB_e.pdf",https://fenixservices.fao.org/faostat/static/documents/ESB/ESB_e.pdf
677,Hops,http://www.nutrien-ekonomics.com/tools-to-calculate-fertilizer-needs/calculators/nutrient-removal/,Coffee,0,17,,17,1.31,,1.31,15.77,,15.77,,,,0,http://www.nutrien-ekonomics.com/tools-to-calculate-fertilizer-needs/calculators/nutrient-removal/,"FAO(2020) FAOSTAT Domain Soil Nutrient Budget Metadata, release December 2020 https://fenixservices.fao.org/faostat/static/documents/ESB/ESB_e.pdf",https://fenixservices.fao.org/faostat/static/documents/ESB/ESB_e.pdf
687,Pepper (piper spp.),http://www.nutrien-ekonomics.com/tools-to-calculate-fertilizer-needs/calculators/nutrient-removal/,Coffee,0,17,,17,1.31,,1.31,15.77,,15.77,,,,0,http://www.nutrien-ekonomics.com/tools-to-calculate-fertilizer-needs/calculators/nutrient-removal/,"FAO(2020) FAOSTAT Domain Soil Nutrient Budget Metadata, release December 2020 https://fenixservices.fao.org/faostat/static/documents/ESB/ESB_e.pdf",https://fenixservices.fao.org/faostat/static/documents/ESB/ESB_e.pdf
689,"Chillies and peppers, dry",http://www.nutrien-ekonomics.com/tools-to-calculate-fertilizer-needs/calculators/nutrient-removal/,Coffee,0,17,,17,1.31,,1.31,15.77,,15.77,,,,0,http://www.nutrien-ekonomics.com/tools-to-calculate-fertilizer-needs/calculators/nutrient-removal/,"FAO(2020) FAOSTAT Domain Soil Nutrient Budget Metadata, release December 2020 https://fenixservices.fao.org/faostat/static/documents/ESB/ESB_e.pdf",https://fenixservices.fao.org/faostat/static/documents/ESB/ESB_e.pdf
692,Vanilla,http://www.nutrien-ekonomics.com/tools-to-calculate-fertilizer-needs/calculators/nutrient-removal/,Coffee,0,17,,17,1.31,,1.31,15.77,,15.77,,,,0,http://www.nutrien-ekonomics.com/tools-to-calculate-fertilizer-needs/calculators/nutrient-removal/,"FAO(2020) FAOSTAT Domain Soil Nutrient Budget Metadata, release December 2020 https://fenixservices.fao.org/faostat/static/documents/ESB/ESB_e.pdf",https://fenixservices.fao.org/faostat/static/documents/ESB/ESB_e.pdf
693,Cinnamon (canella),http://www.nutrien-ekonomics.com/tools-to-calculate-fertilizer-needs/calculators/nutrient-removal/,Coffee,0,17,,17,1.31,,1.31,15.77,,15.77,,,,0,http://www.nutrien-ekonomics.com/tools-to-calculate-fertilizer-needs/calculators/nutrient-removal/,"FAO(2020) FAOSTAT Domain Soil Nutrient Budget Metadata, release December 2020 https://fenixservices.fao.org/faostat/static/documents/ESB/ESB_e.pdf",https://fenixservices.fao.org/faostat/static/documents/ESB/ESB_e.pdf
698,Cloves,http://www.nutrien-ekonomics.com/tools-to-calculate-fertilizer-needs/calculators/nutrient-removal/,Coffee,0,17,,17,1.31,,1.31,15.77,,15.77,,,,0,http://www.nutrien-ekonomics.com/tools-to-calculate-fertilizer-needs/calculators/nutrient-removal/,"FAO(2020) FAOSTAT Domain Soil Nutrient Budget Metadata, release December 2020 https://fenixservices.fao.org/faostat/static/documents/ESB/ESB_e.pdf",https://fenixservices.fao.org/faostat/static/documents/ESB/ESB_e.pdf
702,"Nutmeg, mace and cardamoms",http://www.nutrien-ekonomics.com/tools-to-calculate-fertilizer-needs/calculators/nutrient-removal/,Coffee,0,17,,17,1.31,,1.31,15.77,,15.77,,,,0,http://www.nutrien-ekonomics.com/tools-to-calculate-fertilizer-needs/calculators/nutrient-removal/,"FAO(2020) FAOSTAT Domain Soil Nutrient Budget Metadata, release December 2020 https://fenixservices.fao.org/faostat/static/documents/ESB/ESB_e.pdf",https://fenixservices.fao.org/faostat/static/documents/ESB/ESB_e.pdf
711,"Anise, badian, fennel, coriander",http://www.nutrien-ekonomics.com/tools-to-calculate-fertilizer-needs/calculators/nutrient-removal/,Coffee,0,17,,17,1.31,,1.31,15.77,,15.77,,,,0,http://www.nutrien-ekonomics.com/tools-to-calculate-fertilizer-needs/calculators/nutrient-removal/,"FAO(2020) FAOSTAT Domain Soil Nutrient Budget Metadata, release December 2020 https://fenixservices.fao.org/faostat/static/documents/ESB/ESB_e.pdf",https://fenixservices.fao.org/faostat/static/documents/ESB/ESB_e.pdf
720,Ginger,http://www.nutrien-ekonomics.com/tools-to-calculate-fertilizer-needs/calculators/nutrient-removal/,Coffee,0,17,,17,1.31,,1.31,15.77,,15.77,,,,0,http://www.nutrien-ekonomics.com/tools-to-calculate-fertilizer-needs/calculators/nutrient-removal/,"FAO(2020) FAOSTAT Domain Soil Nutrient Budget Metadata, release December 2020 https://fenixservices.fao.org/faostat/static/documents/ESB/ESB_e.pdf",https://fenixservices.fao.org/faostat/static/documents/ESB/ESB_e.pdf
723,"Spices, nes",http://www.nutrien-ekonomics.com/tools-to-calculate-fertilizer-needs/calculators/nutrient-removal/,Coffee,0,17,,17,1.31,,1.31,15.77,,15.77,,,,0,http://www.nutrien-ekonomics.com/tools-to-calculate-fertilizer-needs/calculators/nutrient-removal/,"FAO(2020) FAOSTAT Domain Soil Nutrient Budget Metadata, release December 2020 https://fenixservices.fao.org/faostat/static/documents/ESB/ESB_e.pdf",https://fenixservices.fao.org/faostat/static/documents/ESB/ESB_e.pdf
748,Peppermint,http://www.nutrien-ekonomics.com/tools-to-calculate-fertilizer-needs/calculators/nutrient-removal/,Coffee,0,17,,17,1.31,,1.31,15.77,,15.77,,,,0,http://www.nutrien-ekonomics.com/tools-to-calculate-fertilizer-needs/calculators/nutrient-removal/,"FAO(2020) FAOSTAT Domain Soil Nutrient Budget Metadata, release December 2020 https://fenixservices.fao.org/faostat/static/documents/ESB/ESB_e.pdf",https://fenixservices.fao.org/faostat/static/documents/ESB/ESB_e.pdf
754,"Pyrethrum, dried",http://www.nutrien-ekonomics.com/tools-to-calculate-fertilizer-needs/calculators/nutrient-removal/,Coffee,0,17,,17,1.31,,1.31,15.77,,15.77,,,,0,http://www.nutrien-ekonomics.com/tools-to-calculate-fertilizer-needs/calculators/nutrient-removal/,"FAO(2020) FAOSTAT Domain Soil Nutrient Budget Metadata, release December 2020 https://fenixservices.fao.org/faostat/static/documents/ESB/ESB_e.pdf",https://fenixservices.fao.org/faostat/static/documents/ESB/ESB_e.pdf
767,Cotton lint,https://www.ipni.net/app/calculator/home,Cotton lint and seed + Cotton stover,0,64,8,72,12.2,1.3,13.5,31.5,16.6,48.1,0,1.3,1.3,0,https://www.ipni.net/app/calculator/home,"FAO(2020) FAOSTAT Domain Soil Nutrient Budget Metadata, release December 2020 https://fenixservices.fao.org/faostat/static/documents/ESB/ESB_e.pdf",https://fenixservices.fao.org/faostat/static/documents/ESB/ESB_e.pdf
773,Flax fibre and tow,https://www.ipni.net/app/calculator/home,Flax grain + Flax straw per unit of grain yield,0,45,13,58,5.7,1.3,7,9.1,32.4,41.5,3.4,2.7,6.1,0,https://www.ipni.net/app/calculator/home,"FAO(2020) FAOSTAT Domain Soil Nutrient Budget Metadata, release December 2020 https://fenixservices.fao.org/faostat/static/documents/ESB/ESB_e.pdf",https://fenixservices.fao.org/faostat/static/documents/ESB/ESB_e.pdf
777,Hemp tow waste,,Average of other fiber crops,1,,,,,,0,,,0,,,0,0,,"FAO(2020) FAOSTAT Domain Soil Nutrient Budget Metadata, release December 2020 https://fenixservices.fao.org/faostat/static/documents/ESB/ESB_e.pdf",https://fenixservices.fao.org/faostat/static/documents/ESB/ESB_e.pdf
778,Kapok fibre,,Average of other fiber crops,1,,,,,,0,,,0,,,0,0,,"FAO(2020) FAOSTAT Domain Soil Nutrient Budget Metadata, release December 2020 https://fenixservices.fao.org/faostat/static/documents/ESB/ESB_e.pdf",https://fenixservices.fao.org/faostat/static/documents/ESB/ESB_e.pdf
780,Jute,,Average of other fiber crops,1,,,,,,0,,,0,,,0,0,,"FAO(2020) FAOSTAT Domain Soil Nutrient Budget Metadata, release December 2020 https://fenixservices.fao.org/faostat/static/documents/ESB/ESB_e.pdf",https://fenixservices.fao.org/faostat/static/documents/ESB/ESB_e.pdf
782,"Bastfibres, other",,Average of other fiber crops,1,,,,,,0,,,0,,,0,0,,"FAO(2020) FAOSTAT Domain Soil Nutrient Budget Metadata, release December 2020 https://fenixservices.fao.org/faostat/static/documents/ESB/ESB_e.pdf",https://fenixservices.fao.org/faostat/static/documents/ESB/ESB_e.pdf
788,Ramie,,Average of other fiber crops,1,,,,,,0,,,0,,,0,0,,"FAO(2020) FAOSTAT Domain Soil Nutrient Budget Metadata, release December 2020 https://fenixservices.fao.org/faostat/static/documents/ESB/ESB_e.pdf",https://fenixservices.fao.org/faostat/static/documents/ESB/ESB_e.pdf
789,Sisal,,Average of other fiber crops,1,,,,,,0,,,0,,,0,0,,"FAO(2020) FAOSTAT Domain Soil Nutrient Budget Metadata, release December 2020 https://fenixservices.fao.org/faostat/static/documents/ESB/ESB_e.pdf",https://fenixservices.fao.org/faostat/static/documents/ESB/ESB_e.pdf
800,Agave fibres nes,,Average of other fiber crops,1,,,,,,0,,,0,,,0,0,,"FAO(2020) FAOSTAT Domain Soil Nutrient Budget Metadata, release December 2020 https://fenixservices.fao.org/faostat/static/documents/ESB/ESB_e.pdf",https://fenixservices.fao.org/faostat/static/documents/ESB/ESB_e.pdf
809,Manila fibre (abaca),,Average of other fiber crops,1,,,,,,0,,,0,,,0,0,,"FAO(2020) FAOSTAT Domain Soil Nutrient Budget Metadata, release December 2020 https://fenixservices.fao.org/faostat/static/documents/ESB/ESB_e.pdf",https://fenixservices.fao.org/faostat/static/documents/ESB/ESB_e.pdf
813,Coir,,Average of other fiber crops,1,,,,,,0,,,0,,,0,0,,"FAO(2020) FAOSTAT Domain Soil Nutrient Budget Metadata, release December 2020 https://fenixservices.fao.org/faostat/static/documents/ESB/ESB_e.pdf",https://fenixservices.fao.org/faostat/static/documents/ESB/ESB_e.pdf
821,Fibre crops nes,,Average of other fiber crops,1,,,,,,0,,,0,,,0,0,,"FAO(2020) FAOSTAT Domain Soil Nutrient Budget Metadata, release December 2020 https://fenixservices.fao.org/faostat/static/documents/ESB/ESB_e.pdf",https://fenixservices.fao.org/faostat/static/documents/ESB/ESB_e.pdf
826,"Tobacco, unmanufactured",https://www.ipni.net/app/calculator/home,Tobacco leaves,0,36,,36,3.9,,3.9,47.3,,47.3,6,,6,0,https://www.ipni.net/app/calculator/home,"FAO(2020) FAOSTAT Domain Soil Nutrient Budget Metadata, release December 2020 https://fenixservices.fao.org/faostat/static/documents/ESB/ESB_e.pdf",https://fenixservices.fao.org/faostat/static/documents/ESB/ESB_e.pdf
836,"Rubber, natural",http://www.nutrien-ekonomics.com/tools-to-calculate-fertilizer-needs/calculators/nutrient-removal/,Rubber,0,6,,6,1.308,,1.308,4.15,,4.15,,,0,0,http://www.nutrien-ekonomics.com/tools-to-calculate-fertilizer-needs/calculators/nutrient-removal/,"FAO(2020) FAOSTAT Domain Soil Nutrient Budget Metadata, release December 2020 https://fenixservices.fao.org/faostat/static/documents/ESB/ESB_e.pdf",https://fenixservices.fao.org/faostat/static/documents/ESB/ESB_e.pdf
839,"Gums, natural",,Average of all other crops,1,,,,,,0,,,0,,,0,0,,"FAO(2020) FAOSTAT Domain Soil Nutrient Budget Metadata, release December 2020 https://fenixservices.fao.org/faostat/static/documents/ESB/ESB_e.pdf",https://fenixservices.fao.org/faostat/static/documents/ESB/ESB_e.pdf
1911,Maize for forage,https://www.ipni.net/app/calculator,Corn silage (67% moisture),0,4.9,,,0.7,,,3.1,,,,,,0,https://www.ipni.net/app/calculator,"FAO(2020) FAOSTAT Domain Soil Nutrient Budget Metadata, release December 2020 https://fenixservices.fao.org/faostat/static/documents/ESB/ESB_e.pdf",https://fenixservices.fao.org/faostat/static/documents/ESB/ESB_e.pdf
1912,Alfalfa for forage,https://www.ipni.net/app/calculator, Alfalfa (DM),0,26,,,2.6,,,20.8,,,,,,1,https://www.ipni.net/app/calculator,"FAO(2020) FAOSTAT Domain Soil Nutrient Budget Metadata, release December 2020 https://fenixservices.fao.org/faostat/static/documents/ESB/ESB_e.pdf",https://fenixservices.fao.org/faostat/static/documents/ESB/ESB_e.pdf
1919.03,"Clover, for forage",https://www.ipni.net/app/calculator,Average of Alsike clover (DM) & Red clover (DM),0,22,,,2.5,,,19.9,,,,,,1,https://www.ipni.net/app/calculator,"FAO(2020) FAOSTAT Domain Soil Nutrient Budget Metadata, release December 2020 https://fenixservices.fao.org/faostat/static/documents/ESB/ESB_e.pdf",https://fenixservices.fao.org/faostat/static/documents/ESB/ESB_e.pdf
1919.06,"Beet, for forage",https://www.ipni.net/app/calculator,Sum of Sugarbeet roots & Sugarbeet tops,0,5.6,,,1.4,,,11.4,,,,,,0,https://www.ipni.net/app/calculator,"FAO(2020) FAOSTAT Domain Soil Nutrient Budget Metadata, release December 2020 https://fenixservices.fao.org/faostat/static/documents/ESB/ESB_e.pdf",https://fenixservices.fao.org/faostat/static/documents/ESB/ESB_e.pdf
1919.09,"Hay for forage, from grasses",https://www.ipni.net/app/calculator,Average of grasses,0,16,,,2.533333333,,,18.63333333,,,,,,0,https://www.ipni.net/app/calculator,"FAO(2020) FAOSTAT Domain Soil Nutrient Budget Metadata, release December 2020 https://fenixservices.fao.org/faostat/static/documents/ESB/ESB_e.pdf",https://fenixservices.fao.org/faostat/static/documents/ESB/ESB_e.pdf
1919.02,"Rye grass, for forage",https://www.ipni.net/app/calculator,Ryegrass (DM),0,22,,,2.6,,,18.3,,,,,,0,https://www.ipni.net/app/calculator,"FAO(2020) FAOSTAT Domain Soil Nutrient Budget Metadata, release December 2020 https://fenixservices.fao.org/faostat/static/documents/ESB/ESB_e.pdf",https://fenixservices.fao.org/faostat/static/documents/ESB/ESB_e.pdf
1919.05,"Turnips, for forage",,,1,,,,,,,,,,,,,0,,"FAO(2020) FAOSTAT Domain Soil Nutrient Budget Metadata, release December 2020 https://fenixservices.fao.org/faostat/static/documents/ESB/ESB_e.pdf",https://fenixservices.fao.org/faostat/static/documents/ESB/ESB_e.pdf
1919.1,"Hay for forage, from legumes",https://www.ipni.net/app/calculator,Soybean hay (DM),0,23,,,2.4,,,10.8,,,,,,0,https://www.ipni.net/app/calculator,"FAO(2020) FAOSTAT Domain Soil Nutrient Budget Metadata, release December 2020 https://fenixservices.fao.org/faostat/static/documents/ESB/ESB_e.pdf",https://fenixservices.fao.org/faostat/static/documents/ESB/ESB_e.pdf
1919.11,"Hay for forage, from other crops n.e.c.",,,1,,,,,,,,,,,,,0,,"FAO(2020) FAOSTAT Domain Soil Nutrient Budget Metadata, release December 2020 https://fenixservices.fao.org/faostat/static/documents/ESB/ESB_e.pdf",https://fenixservices.fao.org/faostat/static/documents/ESB/ESB_e.pdf
1919.96,"Other forage products, n.e.c.",,,1,,,,,,,,,,,,,0,,"FAO(2020) FAOSTAT Domain Soil Nutrient Budget Metadata, release December 2020 https://fenixservices.fao.org/faostat/static/documents/ESB/ESB_e.pdf",https://fenixservices.fao.org/faostat/static/documents/ESB/ESB_e.pdf
1919.01,"Sorghum, for forage",https://www.ipni.net/app/calculator,Sorghum stover,0,14,,,1.8,,,17.4,,,,,,0,https://www.ipni.net/app/calculator,"FAO(2020) FAOSTAT Domain Soil Nutrient Budget Metadata, release December 2020 https://fenixservices.fao.org/faostat/static/documents/ESB/ESB_e.pdf",https://fenixservices.fao.org/faostat/static/documents/ESB/ESB_e.pdf
1919.91,"Other grasses, for forage",https://www.ipni.net/app/calculator,Average of grasses,0,16,,,2.533333333,,,18.63333333,,,,,,0,https://www.ipni.net/app/calculator,"FAO(2020) FAOSTAT Domain Soil Nutrient Budget Metadata, release December 2020 https://fenixservices.fao.org/faostat/static/documents/ESB/ESB_e.pdf",https://fenixservices.fao.org/faostat/static/documents/ESB/ESB_e.pdf
1919.95,"Other forage crops, n.e.c.",,,1,,,,,,,,,,,,,0,,"FAO(2020) FAOSTAT Domain Soil Nutrient Budget Metadata, release December 2020 https://fenixservices.fao.org/faostat/static/documents/ESB/ESB_e.pdf",https://fenixservices.fao.org/faostat/static/documents/ESB/ESB_e.pdf
1919.93,"Mixed grass and legumes, for forage",,Average of grasses and Soybean hay (DM),0,19.5,,,2.466666667,,,14.71666667,,,,,,0,,"FAO(2020) FAOSTAT Domain Soil Nutrient Budget Metadata, release December 2020 https://fenixservices.fao.org/faostat/static/documents/ESB/ESB_e.pdf",https://fenixservices.fao.org/faostat/static/documents/ESB/ESB_e.pdf
1919.94,"Other oilseeds, for forage",https://www.ipni.net/app/calculator,Safflower seed,0,50,,,5.2,,,31.5,,,,,,0,https://www.ipni.net/app/calculator,"FAO(2020) FAOSTAT Domain Soil Nutrient Budget Metadata, release December 2020 https://fenixservices.fao.org/faostat/static/documents/ESB/ESB_e.pdf",https://fenixservices.fao.org/faostat/static/documents/ESB/ESB_e.pdf
1919.04,"Cabbage, for forage",https://www.ipni.net/app/calculator,Cabbage,0,3.9,,,0.4,,,3,,,,,,0,https://www.ipni.net/app/calculator,"FAO(2020) FAOSTAT Domain Soil Nutrient Budget Metadata, release December 2020 https://fenixservices.fao.org/faostat/static/documents/ESB/ESB_e.pdf",https://fenixservices.fao.org/faostat/static/documents/ESB/ESB_e.pdf
1919.07,"Carrots, for forage",,Carrot,0,2,,,0.4364,,,2.49,,,,,,0,,"FAO(2020) FAOSTAT Domain Soil Nutrient Budget Metadata, release December 2020 https://fenixservices.fao.org/faostat/static/documents/ESB/ESB_e.pdf",https://fenixservices.fao.org/faostat/static/documents/ESB/ESB_e.pdf
1919.92,"Other legumes, for forage",https://www.ipni.net/app/calculator,Soybean hay (DM),0,23,,,2.4,,,10.8,,,,,,1,https://www.ipni.net/app/calculator,"FAO(2020) FAOSTAT Domain Soil Nutrient Budget Metadata, release December 2020 https://fenixservices.fao.org/faostat/static/documents/ESB/ESB_e.pdf",https://fenixservices.fao.org/faostat/static/documents/ESB/ESB_e.pdf
1919.08,"Swedes, for forage",,,1,,,,,,,,,,,,,0,,"FAO(2020) FAOSTAT Domain Soil Nutrient Budget Metadata, release December 2020 https://fenixservices.fao.org/faostat/static/documents/ESB/ESB_e.pdf",https://fenixservices.fao.org/faostat/static/documents/ESB/ESB_e.pdf
1717,"Cereals,Total",,,,,,,,,,,,,,,,,,,
1720,"Roots and Tubers,Total",,,,,,,,,,,,,,,,,,,
1726,"Pulses,Total",,,,,,,,,,,,,,,,,,,
1729,"Treenuts,Total",,,,,,,,,,,,,,,,,,,
1732,Oilcrops Primary,,,,,,,,,,,,,,,,,,,
1735,Vegetables Primary,,,,,,,,,,,,,,,,,,,
1751,Jute & Jute-like Fibres,,,,,,,,,,,,,,,,,,,
1753,Fibre Crops Primary,,,,,,,,,,,,,,,,,,,
1800,"Vegetables&Melons, Total",,,,,,,,,,,,,,,,,,,
1801,"Fruit excl Melons,Total",,,,,,,,,,,,,,,,,,,
1804,"Citrus Fruit,Total",,,,,,,,,,,,,,,,,,,
1814,"Coarse Grain, Total",,,,,,,,,,,,,,,,,,,
1817,Cereals (Rice Milled Eqv),,,,,,,,,,,,,,,,,,,
1841,Oilcakes Equivalent,,,,,,,,,,,,,,,,,,,
