Region,Region_1,RWEDP_member_countries,Crop,Component,Crop_component,Primary_reference_of_dataset,Reference_where_data_were_collated,Website_of_source_of_collated_data,Residue_to_product_ratio,Moisture_content_pc,Carbon_pc,Nitrogen_pc,Harvest_index
South and South East Asia,Country members of the Regional Wood Energy Development Programme in Asia,"Bangladesh, Bhutan, Cambodia, China, India, India, Indonesia, Laos, Malaysia, maldives, Myanmar, Nepal, Pakistan, Sri Lanka, Thailand, Vietnam. ",Rice,Straw,RICE STRAW,Webb '79,"Koopmans and Koppejan (2008) Agricultural and forest residues-generation, utilization and availability. ",http://citeseerx.ist.psu.edu/viewdoc/download?doi=10.1.1.469.3270&rep=rep1&type=pdf,3.28,11,,,0.23364486
South and South East Asia,Country members of the Regional Wood Energy Development Programme in Asia,"Bangladesh, Bhutan, Cambodia, China, India, India, Indonesia, Laos, Malaysia, maldives, Myanmar, Nepal, Pakistan, Sri Lanka, Thailand, Vietnam. ",Rice,Straw,RICE STRAW,Vimal '79,"Koopmans and Koppejan (2008) Agricultural and forest residues-generation, utilization and availability. ",http://citeseerx.ist.psu.edu/viewdoc/download?doi=10.1.1.469.3270&rep=rep1&type=pdf,1.88,,,,0.347222222
South and South East Asia,Country members of the Regional Wood Energy Development Programme in Asia,"Bangladesh, Bhutan, Cambodia, China, India, India, Indonesia, Laos, Malaysia, maldives, Myanmar, Nepal, Pakistan, Sri Lanka, Thailand, Vietnam. ",Rice,Straw,RICE STRAW,AIT-EEC '83,"Koopmans and Koppejan (2008) Agricultural and forest residues-generation, utilization and availability. ",http://citeseerx.ist.psu.edu/viewdoc/download?doi=10.1.1.469.3270&rep=rep1&type=pdf,0.42,27,,,0.704225352
South and South East Asia,Country members of the Regional Wood Energy Development Programme in Asia,"Bangladesh, Bhutan, Cambodia, China, India, India, Indonesia, Laos, Malaysia, maldives, Myanmar, Nepal, Pakistan, Sri Lanka, Thailand, Vietnam. ",Rice,Straw,RICE STRAW,BEPP '85,"Koopmans and Koppejan (2008) Agricultural and forest residues-generation, utilization and availability. ",http://citeseerx.ist.psu.edu/viewdoc/download?doi=10.1.1.469.3270&rep=rep1&type=pdf,2.86,,,,0.259067358
South and South East Asia,Country members of the Regional Wood Energy Development Programme in Asia,"Bangladesh, Bhutan, Cambodia, China, India, India, Indonesia, Laos, Malaysia, maldives, Myanmar, Nepal, Pakistan, Sri Lanka, Thailand, Vietnam. ",Rice,Straw,RICE STRAW,Barnard  ea. '85,"Koopmans and Koppejan (2008) Agricultural and forest residues-generation, utilization and availability. ",http://citeseerx.ist.psu.edu/viewdoc/download?doi=10.1.1.469.3270&rep=rep1&type=pdf,2.15,,,,0.317460317
South and South East Asia,Country members of the Regional Wood Energy Development Programme in Asia,"Bangladesh, Bhutan, Cambodia, China, India, India, Indonesia, Laos, Malaysia, maldives, Myanmar, Nepal, Pakistan, Sri Lanka, Thailand, Vietnam. ",Rice,Straw,RICE STRAW,Strehler '87,"Koopmans and Koppejan (2008) Agricultural and forest residues-generation, utilization and availability. ",http://citeseerx.ist.psu.edu/viewdoc/download?doi=10.1.1.469.3270&rep=rep1&type=pdf,1.4,17,41.44,0.67,0.416666667
South and South East Asia,Country members of the Regional Wood Energy Development Programme in Asia,"Bangladesh, Bhutan, Cambodia, China, India, India, Indonesia, Laos, Malaysia, maldives, Myanmar, Nepal, Pakistan, Sri Lanka, Thailand, Vietnam. ",Rice,Straw,RICE STRAW,Bhattacharya '90,"Koopmans and Koppejan (2008) Agricultural and forest residues-generation, utilization and availability. ",http://citeseerx.ist.psu.edu/viewdoc/download?doi=10.1.1.469.3270&rep=rep1&type=pdf,0.452,12.71,24.79,,0.688705234
South and South East Asia,Country members of the Regional Wood Energy Development Programme in Asia,"Bangladesh, Bhutan, Cambodia, China, India, India, Indonesia, Laos, Malaysia, maldives, Myanmar, Nepal, Pakistan, Sri Lanka, Thailand, Vietnam. ",Rice,Straw,RICE STRAW,Massaquoi '90,"Koopmans and Koppejan (2008) Agricultural and forest residues-generation, utilization and availability. ",http://citeseerx.ist.psu.edu/viewdoc/download?doi=10.1.1.469.3270&rep=rep1&type=pdf,2.05,,,,0.327868852
South and South East Asia,Country members of the Regional Wood Energy Development Programme in Asia,"Bangladesh, Bhutan, Cambodia, China, India, India, Indonesia, Laos, Malaysia, maldives, Myanmar, Nepal, Pakistan, Sri Lanka, Thailand, Vietnam. ",Rice,Straw,RICE STRAW,Ishaque '91,"Koopmans and Koppejan (2008) Agricultural and forest residues-generation, utilization and availability. ",http://citeseerx.ist.psu.edu/viewdoc/download?doi=10.1.1.469.3270&rep=rep1&type=pdf,1.4,,,,0.416666667
South and South East Asia,Country members of the Regional Wood Energy Development Programme in Asia,"Bangladesh, Bhutan, Cambodia, China, India, India, Indonesia, Laos, Malaysia, maldives, Myanmar, Nepal, Pakistan, Sri Lanka, Thailand, Vietnam. ",Rice,Straw,RICE STRAW,Ryan ea '91,"Koopmans and Koppejan (2008) Agricultural and forest residues-generation, utilization and availability. ",http://citeseerx.ist.psu.edu/viewdoc/download?doi=10.1.1.469.3270&rep=rep1&type=pdf,2,,,,0.333333333
South and South East Asia,Country members of the Regional Wood Energy Development Programme in Asia,"Bangladesh, Bhutan, Cambodia, China, India, India, Indonesia, Laos, Malaysia, maldives, Myanmar, Nepal, Pakistan, Sri Lanka, Thailand, Vietnam. ",Rice,Straw,RICE STRAW,Kristoferson ea '91,"Koopmans and Koppejan (2008) Agricultural and forest residues-generation, utilization and availability. ",http://citeseerx.ist.psu.edu/viewdoc/download?doi=10.1.1.469.3270&rep=rep1&type=pdf,2,,,,0.333333333
South and South East Asia,Country members of the Regional Wood Energy Development Programme in Asia,"Bangladesh, Bhutan, Cambodia, China, India, India, Indonesia, Laos, Malaysia, maldives, Myanmar, Nepal, Pakistan, Sri Lanka, Thailand, Vietnam. ",Rice,Straw,RICE STRAW,Bhattacharya ea '93,"Koopmans and Koppejan (2008) Agricultural and forest residues-generation, utilization and availability. ",http://citeseerx.ist.psu.edu/viewdoc/download?doi=10.1.1.469.3270&rep=rep1&type=pdf,1.757,12.71,39.84,,0.362713094
South and South East Asia,Country members of the Regional Wood Energy Development Programme in Asia,"Bangladesh, Bhutan, Cambodia, China, India, India, Indonesia, Laos, Malaysia, maldives, Myanmar, Nepal, Pakistan, Sri Lanka, Thailand, Vietnam. ",Rice,Husk,RICE HUSK,Bhushan '77,"Koopmans and Koppejan (2008) Agricultural and forest residues-generation, utilization and availability. ",http://citeseerx.ist.psu.edu/viewdoc/download?doi=10.1.1.469.3270&rep=rep1&type=pdf,0.225,,,,0.816326531
South and South East Asia,Country members of the Regional Wood Energy Development Programme in Asia,"Bangladesh, Bhutan, Cambodia, China, India, India, Indonesia, Laos, Malaysia, maldives, Myanmar, Nepal, Pakistan, Sri Lanka, Thailand, Vietnam. ",Rice,Husk,RICE HUSK,Webb '79,"Koopmans and Koppejan (2008) Agricultural and forest residues-generation, utilization and availability. ",http://citeseerx.ist.psu.edu/viewdoc/download?doi=10.1.1.469.3270&rep=rep1&type=pdf,0.225,10.5,,,0.816326531
South and South East Asia,Country members of the Regional Wood Energy Development Programme in Asia,"Bangladesh, Bhutan, Cambodia, China, India, India, Indonesia, Laos, Malaysia, maldives, Myanmar, Nepal, Pakistan, Sri Lanka, Thailand, Vietnam. ",Rice,Husk,RICE HUSK,FAO '82,"Koopmans and Koppejan (2008) Agricultural and forest residues-generation, utilization and availability. ",http://citeseerx.ist.psu.edu/viewdoc/download?doi=10.1.1.469.3270&rep=rep1&type=pdf,0.35,7.26,,,0.740740741
South and South East Asia,Country members of the Regional Wood Energy Development Programme in Asia,"Bangladesh, Bhutan, Cambodia, China, India, India, Indonesia, Laos, Malaysia, maldives, Myanmar, Nepal, Pakistan, Sri Lanka, Thailand, Vietnam. ",Rice,Husk,RICE HUSK,AIT-EEC '83,"Koopmans and Koppejan (2008) Agricultural and forest residues-generation, utilization and availability. ",http://citeseerx.ist.psu.edu/viewdoc/download?doi=10.1.1.469.3270&rep=rep1&type=pdf,0.3,14,,,0.769230769
South and South East Asia,Country members of the Regional Wood Energy Development Programme in Asia,"Bangladesh, Bhutan, Cambodia, China, India, India, Indonesia, Laos, Malaysia, maldives, Myanmar, Nepal, Pakistan, Sri Lanka, Thailand, Vietnam. ",Rice,Husk,RICE HUSK,Vimal '84,"Koopmans and Koppejan (2008) Agricultural and forest residues-generation, utilization and availability. ",http://citeseerx.ist.psu.edu/viewdoc/download?doi=10.1.1.469.3270&rep=rep1&type=pdf,,9.6,38.5,,
South and South East Asia,Country members of the Regional Wood Energy Development Programme in Asia,"Bangladesh, Bhutan, Cambodia, China, India, India, Indonesia, Laos, Malaysia, maldives, Myanmar, Nepal, Pakistan, Sri Lanka, Thailand, Vietnam. ",Rice,Husk,RICE HUSK,BEPP '85,"Koopmans and Koppejan (2008) Agricultural and forest residues-generation, utilization and availability. ",http://citeseerx.ist.psu.edu/viewdoc/download?doi=10.1.1.469.3270&rep=rep1&type=pdf,0.321,,,,0.757002271
South and South East Asia,Country members of the Regional Wood Energy Development Programme in Asia,"Bangladesh, Bhutan, Cambodia, China, India, India, Indonesia, Laos, Malaysia, maldives, Myanmar, Nepal, Pakistan, Sri Lanka, Thailand, Vietnam. ",Rice,Husk,RICE HUSK,Bhattacharya ea ' 93,"Koopmans and Koppejan (2008) Agricultural and forest residues-generation, utilization and availability. ",http://citeseerx.ist.psu.edu/viewdoc/download?doi=10.1.1.469.3270&rep=rep1&type=pdf,0.267,12.37,,,0.789265983
South and South East Asia,Country members of the Regional Wood Energy Development Programme in Asia,"Bangladesh, Bhutan, Cambodia, China, India, India, Indonesia, Laos, Malaysia, maldives, Myanmar, Nepal, Pakistan, Sri Lanka, Thailand, Vietnam. ",Rice,Husk,RICE HUSK,Ryan ea '91,"Koopmans and Koppejan (2008) Agricultural and forest residues-generation, utilization and availability. ",http://citeseerx.ist.psu.edu/viewdoc/download?doi=10.1.1.469.3270&rep=rep1&type=pdf,0.3,,,,0.769230769
South and South East Asia,Country members of the Regional Wood Energy Development Programme in Asia,"Bangladesh, Bhutan, Cambodia, China, India, India, Indonesia, Laos, Malaysia, maldives, Myanmar, Nepal, Pakistan, Sri Lanka, Thailand, Vietnam. ",Rice,Husk,RICE HUSK,Mahajan '92,"Koopmans and Koppejan (2008) Agricultural and forest residues-generation, utilization and availability. ",http://citeseerx.ist.psu.edu/viewdoc/download?doi=10.1.1.469.3270&rep=rep1&type=pdf,0.2,8.92,38.1,1.5,0.833333333
South and South East Asia,Country members of the Regional Wood Energy Development Programme in Asia,"Bangladesh, Bhutan, Cambodia, China, India, India, Indonesia, Laos, Malaysia, maldives, Myanmar, Nepal, Pakistan, Sri Lanka, Thailand, Vietnam. ",Maize,Stalk,MAIZE STALK,Webb '79,"Koopmans and Koppejan (2008) Agricultural and forest residues-generation, utilization and availability. ",http://citeseerx.ist.psu.edu/viewdoc/download?doi=10.1.1.469.3270&rep=rep1&type=pdf,3.77,,,,0.209643606
South and South East Asia,Country members of the Regional Wood Energy Development Programme in Asia,"Bangladesh, Bhutan, Cambodia, China, India, India, Indonesia, Laos, Malaysia, maldives, Myanmar, Nepal, Pakistan, Sri Lanka, Thailand, Vietnam. ",Maize,Stalk,MAIZE STALK,Vimal '79,"Koopmans and Koppejan (2008) Agricultural and forest residues-generation, utilization and availability. ",http://citeseerx.ist.psu.edu/viewdoc/download?doi=10.1.1.469.3270&rep=rep1&type=pdf,2,,,,0.333333333
South and South East Asia,Country members of the Regional Wood Energy Development Programme in Asia,"Bangladesh, Bhutan, Cambodia, China, India, India, Indonesia, Laos, Malaysia, maldives, Myanmar, Nepal, Pakistan, Sri Lanka, Thailand, Vietnam. ",Maize,Stalk,MAIZE STALK,AIT-EEC '83,"Koopmans and Koppejan (2008) Agricultural and forest residues-generation, utilization and availability. ",http://citeseerx.ist.psu.edu/viewdoc/download?doi=10.1.1.469.3270&rep=rep1&type=pdf,2.3,,,,0.303030303
South and South East Asia,Country members of the Regional Wood Energy Development Programme in Asia,"Bangladesh, Bhutan, Cambodia, China, India, India, Indonesia, Laos, Malaysia, maldives, Myanmar, Nepal, Pakistan, Sri Lanka, Thailand, Vietnam. ",Maize,Stalk,MAIZE STALK,Vimal  '84,"Koopmans and Koppejan (2008) Agricultural and forest residues-generation, utilization and availability. ",http://citeseerx.ist.psu.edu/viewdoc/download?doi=10.1.1.469.3270&rep=rep1&type=pdf,,11.5,,,
South and South East Asia,Country members of the Regional Wood Energy Development Programme in Asia,"Bangladesh, Bhutan, Cambodia, China, India, India, Indonesia, Laos, Malaysia, maldives, Myanmar, Nepal, Pakistan, Sri Lanka, Thailand, Vietnam. ",Maize,Stalk,MAIZE STALK,Barnard ea '85,"Koopmans and Koppejan (2008) Agricultural and forest residues-generation, utilization and availability. ",http://citeseerx.ist.psu.edu/viewdoc/download?doi=10.1.1.469.3270&rep=rep1&type=pdf,2.15,,,,0.317460317
South and South East Asia,Country members of the Regional Wood Energy Development Programme in Asia,"Bangladesh, Bhutan, Cambodia, China, India, India, Indonesia, Laos, Malaysia, maldives, Myanmar, Nepal, Pakistan, Sri Lanka, Thailand, Vietnam. ",Maize,Stalk,MAIZE STALK,Strehler '87,"Koopmans and Koppejan (2008) Agricultural and forest residues-generation, utilization and availability. ",http://citeseerx.ist.psu.edu/viewdoc/download?doi=10.1.1.469.3270&rep=rep1&type=pdf,1,22,47.09,0.81,0.5
South and South East Asia,Country members of the Regional Wood Energy Development Programme in Asia,"Bangladesh, Bhutan, Cambodia, China, India, India, Indonesia, Laos, Malaysia, maldives, Myanmar, Nepal, Pakistan, Sri Lanka, Thailand, Vietnam. ",Maize,Stalk,MAIZE STALK,Massaquoi  '90,"Koopmans and Koppejan (2008) Agricultural and forest residues-generation, utilization and availability. ",http://citeseerx.ist.psu.edu/viewdoc/download?doi=10.1.1.469.3270&rep=rep1&type=pdf,1.75,,,,0.363636364
South and South East Asia,Country members of the Regional Wood Energy Development Programme in Asia,"Bangladesh, Bhutan, Cambodia, China, India, India, Indonesia, Laos, Malaysia, maldives, Myanmar, Nepal, Pakistan, Sri Lanka, Thailand, Vietnam. ",Maize,Stalk,MAIZE STALK,Desai '90,"Koopmans and Koppejan (2008) Agricultural and forest residues-generation, utilization and availability. ",http://citeseerx.ist.psu.edu/viewdoc/download?doi=10.1.1.469.3270&rep=rep1&type=pdf,2.08,,,,0.324675325
South and South East Asia,Country members of the Regional Wood Energy Development Programme in Asia,"Bangladesh, Bhutan, Cambodia, China, India, India, Indonesia, Laos, Malaysia, maldives, Myanmar, Nepal, Pakistan, Sri Lanka, Thailand, Vietnam. ",Maize,Stalk,MAIZE STALK,Ryan ea '91,"Koopmans and Koppejan (2008) Agricultural and forest residues-generation, utilization and availability. ",http://citeseerx.ist.psu.edu/viewdoc/download?doi=10.1.1.469.3270&rep=rep1&type=pdf,1.75,,,,0.363636364
South and South East Asia,Country members of the Regional Wood Energy Development Programme in Asia,"Bangladesh, Bhutan, Cambodia, China, India, India, Indonesia, Laos, Malaysia, maldives, Myanmar, Nepal, Pakistan, Sri Lanka, Thailand, Vietnam. ",Maize,Cob,MAIZE COB,Bhushan '77,"Koopmans and Koppejan (2008) Agricultural and forest residues-generation, utilization and availability. ",http://citeseerx.ist.psu.edu/viewdoc/download?doi=10.1.1.469.3270&rep=rep1&type=pdf,0.3,,,,0.769230769
South and South East Asia,Country members of the Regional Wood Energy Development Programme in Asia,"Bangladesh, Bhutan, Cambodia, China, India, India, Indonesia, Laos, Malaysia, maldives, Myanmar, Nepal, Pakistan, Sri Lanka, Thailand, Vietnam. ",Maize,Cob,MAIZE COB,Webb '79,"Koopmans and Koppejan (2008) Agricultural and forest residues-generation, utilization and availability. ",http://citeseerx.ist.psu.edu/viewdoc/download?doi=10.1.1.469.3270&rep=rep1&type=pdf,0.86,7,,,0.537634409
South and South East Asia,Country members of the Regional Wood Energy Development Programme in Asia,"Bangladesh, Bhutan, Cambodia, China, India, India, Indonesia, Laos, Malaysia, maldives, Myanmar, Nepal, Pakistan, Sri Lanka, Thailand, Vietnam. ",Maize,Cob,MAIZE COB,Vimal '79,"Koopmans and Koppejan (2008) Agricultural and forest residues-generation, utilization and availability. ",http://citeseerx.ist.psu.edu/viewdoc/download?doi=10.1.1.469.3270&rep=rep1&type=pdf,0.3,,,,0.769230769
South and South East Asia,Country members of the Regional Wood Energy Development Programme in Asia,"Bangladesh, Bhutan, Cambodia, China, India, India, Indonesia, Laos, Malaysia, maldives, Myanmar, Nepal, Pakistan, Sri Lanka, Thailand, Vietnam. ",Maize,Cob,MAIZE COB,Vimal '84,"Koopmans and Koppejan (2008) Agricultural and forest residues-generation, utilization and availability. ",http://citeseerx.ist.psu.edu/viewdoc/download?doi=10.1.1.469.3270&rep=rep1&type=pdf,,8.6,,,
South and South East Asia,Country members of the Regional Wood Energy Development Programme in Asia,"Bangladesh, Bhutan, Cambodia, China, India, India, Indonesia, Laos, Malaysia, maldives, Myanmar, Nepal, Pakistan, Sri Lanka, Thailand, Vietnam. ",Maize,Cob,MAIZE COB,Barnard ea '85,"Koopmans and Koppejan (2008) Agricultural and forest residues-generation, utilization and availability. ",http://citeseerx.ist.psu.edu/viewdoc/download?doi=10.1.1.469.3270&rep=rep1&type=pdf,0.35,,,,0.740740741
South and South East Asia,Country members of the Regional Wood Energy Development Programme in Asia,"Bangladesh, Bhutan, Cambodia, China, India, India, Indonesia, Laos, Malaysia, maldives, Myanmar, Nepal, Pakistan, Sri Lanka, Thailand, Vietnam. ",Maize,Cob,MAIZE COB,Massaquoi '90,"Koopmans and Koppejan (2008) Agricultural and forest residues-generation, utilization and availability. ",http://citeseerx.ist.psu.edu/viewdoc/download?doi=10.1.1.469.3270&rep=rep1&type=pdf,0.35,,,,0.740740741
South and South East Asia,Country members of the Regional Wood Energy Development Programme in Asia,"Bangladesh, Bhutan, Cambodia, China, India, India, Indonesia, Laos, Malaysia, maldives, Myanmar, Nepal, Pakistan, Sri Lanka, Thailand, Vietnam. ",Maize,Cob,MAIZE COB,Ryan ea '91,"Koopmans and Koppejan (2008) Agricultural and forest residues-generation, utilization and availability. ",http://citeseerx.ist.psu.edu/viewdoc/download?doi=10.1.1.469.3270&rep=rep1&type=pdf,1.25,,,,0.444444444
South and South East Asia,Country members of the Regional Wood Energy Development Programme in Asia,"Bangladesh, Bhutan, Cambodia, China, India, India, Indonesia, Laos, Malaysia, maldives, Myanmar, Nepal, Pakistan, Sri Lanka, Thailand, Vietnam. ",Maize,Cob,MAIZE COB,Bhattacharya ea '93,"Koopmans and Koppejan (2008) Agricultural and forest residues-generation, utilization and availability. ",http://citeseerx.ist.psu.edu/viewdoc/download?doi=10.1.1.469.3270&rep=rep1&type=pdf,0.273,7.53,43.14,,0.785545954
South and South East Asia,Country members of the Regional Wood Energy Development Programme in Asia,"Bangladesh, Bhutan, Cambodia, China, India, India, Indonesia, Laos, Malaysia, maldives, Myanmar, Nepal, Pakistan, Sri Lanka, Thailand, Vietnam. ",Maize,Cob,MAIZE COB,AIT-EEC '83,"Koopmans and Koppejan (2008) Agricultural and forest residues-generation, utilization and availability. ",http://citeseerx.ist.psu.edu/viewdoc/download?doi=10.1.1.469.3270&rep=rep1&type=pdf,0.2,,,,0.833333333
South and South East Asia,Country members of the Regional Wood Energy Development Programme in Asia,"Bangladesh, Bhutan, Cambodia, China, India, India, Indonesia, Laos, Malaysia, maldives, Myanmar, Nepal, Pakistan, Sri Lanka, Thailand, Vietnam. ",Maize,Husk,MAIZE HUSKS,Bhushan '77,"Koopmans and Koppejan (2008) Agricultural and forest residues-generation, utilization and availability. ",http://citeseerx.ist.psu.edu/viewdoc/download?doi=10.1.1.469.3270&rep=rep1&type=pdf,0.3,,,,0.769230769
South and South East Asia,Country members of the Regional Wood Energy Development Programme in Asia,"Bangladesh, Bhutan, Cambodia, China, India, India, Indonesia, Laos, Malaysia, maldives, Myanmar, Nepal, Pakistan, Sri Lanka, Thailand, Vietnam. ",Maize,Husk,MAIZE HUSKS,Webb '79,"Koopmans and Koppejan (2008) Agricultural and forest residues-generation, utilization and availability. ",http://citeseerx.ist.psu.edu/viewdoc/download?doi=10.1.1.469.3270&rep=rep1&type=pdf,1,,,,0.5
South and South East Asia,Country members of the Regional Wood Energy Development Programme in Asia,"Bangladesh, Bhutan, Cambodia, China, India, India, Indonesia, Laos, Malaysia, maldives, Myanmar, Nepal, Pakistan, Sri Lanka, Thailand, Vietnam. ",Maize,Husk,MAIZE HUSKS,Vimal '79,"Koopmans and Koppejan (2008) Agricultural and forest residues-generation, utilization and availability. ",http://citeseerx.ist.psu.edu/viewdoc/download?doi=10.1.1.469.3270&rep=rep1&type=pdf,,11.11,,,
South and South East Asia,Country members of the Regional Wood Energy Development Programme in Asia,"Bangladesh, Bhutan, Cambodia, China, India, India, Indonesia, Laos, Malaysia, maldives, Myanmar, Nepal, Pakistan, Sri Lanka, Thailand, Vietnam. ",Maize,Husk,MAIZE HUSKS,Ryan ea '91,"Koopmans and Koppejan (2008) Agricultural and forest residues-generation, utilization and availability. ",http://citeseerx.ist.psu.edu/viewdoc/download?doi=10.1.1.469.3270&rep=rep1&type=pdf,0.2,,,,0.833333333
South and South East Asia,Country members of the Regional Wood Energy Development Programme in Asia,"Bangladesh, Bhutan, Cambodia, China, India, India, Indonesia, Laos, Malaysia, maldives, Myanmar, Nepal, Pakistan, Sri Lanka, Thailand, Vietnam. ",Maize,Husk,MAIZE HUSKS,Massaquoi '90,"Koopmans and Koppejan (2008) Agricultural and forest residues-generation, utilization and availability. ",http://citeseerx.ist.psu.edu/viewdoc/download?doi=10.1.1.469.3270&rep=rep1&type=pdf,0.2,,,,0.833333333
South and South East Asia,Country members of the Regional Wood Energy Development Programme in Asia,"Bangladesh, Bhutan, Cambodia, China, India, India, Indonesia, Laos, Malaysia, maldives, Myanmar, Nepal, Pakistan, Sri Lanka, Thailand, Vietnam. ",Wheat,Straw,WHEAT STRAW,Vimal '84,"Koopmans and Koppejan (2008) Agricultural and forest residues-generation, utilization and availability. ",http://citeseerx.ist.psu.edu/viewdoc/download?doi=10.1.1.469.3270&rep=rep1&type=pdf,,9.2,38.4,0.3,
South and South East Asia,Country members of the Regional Wood Energy Development Programme in Asia,"Bangladesh, Bhutan, Cambodia, China, India, India, Indonesia, Laos, Malaysia, maldives, Myanmar, Nepal, Pakistan, Sri Lanka, Thailand, Vietnam. ",Wheat,Straw,WHEAT STRAW,BEPP '85,"Koopmans and Koppejan (2008) Agricultural and forest residues-generation, utilization and availability. ",http://citeseerx.ist.psu.edu/viewdoc/download?doi=10.1.1.469.3270&rep=rep1&type=pdf,1.5,,,,0.4
South and South East Asia,Country members of the Regional Wood Energy Development Programme in Asia,"Bangladesh, Bhutan, Cambodia, China, India, India, Indonesia, Laos, Malaysia, maldives, Myanmar, Nepal, Pakistan, Sri Lanka, Thailand, Vietnam. ",Wheat,Straw,WHEAT STRAW,Barnard ea '85,"Koopmans and Koppejan (2008) Agricultural and forest residues-generation, utilization and availability. ",http://citeseerx.ist.psu.edu/viewdoc/download?doi=10.1.1.469.3270&rep=rep1&type=pdf,1.33,,,,0.429184549
South and South East Asia,Country members of the Regional Wood Energy Development Programme in Asia,"Bangladesh, Bhutan, Cambodia, China, India, India, Indonesia, Laos, Malaysia, maldives, Myanmar, Nepal, Pakistan, Sri Lanka, Thailand, Vietnam. ",Wheat,Straw,WHEAT STRAW,Strehler '87,"Koopmans and Koppejan (2008) Agricultural and forest residues-generation, utilization and availability. ",http://citeseerx.ist.psu.edu/viewdoc/download?doi=10.1.1.469.3270&rep=rep1&type=pdf,,17,47.31,1.36,
South and South East Asia,Country members of the Regional Wood Energy Development Programme in Asia,"Bangladesh, Bhutan, Cambodia, China, India, India, Indonesia, Laos, Malaysia, maldives, Myanmar, Nepal, Pakistan, Sri Lanka, Thailand, Vietnam. ",Wheat,Straw,WHEAT STRAW,Massaquoi '90,"Koopmans and Koppejan (2008) Agricultural and forest residues-generation, utilization and availability. ",http://citeseerx.ist.psu.edu/viewdoc/download?doi=10.1.1.469.3270&rep=rep1&type=pdf,1.25,,,,0.444444444
South and South East Asia,Country members of the Regional Wood Energy Development Programme in Asia,"Bangladesh, Bhutan, Cambodia, China, India, India, Indonesia, Laos, Malaysia, maldives, Myanmar, Nepal, Pakistan, Sri Lanka, Thailand, Vietnam. ",Wheat,Straw,WHEAT STRAW,Desai '90,"Koopmans and Koppejan (2008) Agricultural and forest residues-generation, utilization and availability. ",http://citeseerx.ist.psu.edu/viewdoc/download?doi=10.1.1.469.3270&rep=rep1&type=pdf,1.48,,,,0.403225806
South and South East Asia,Country members of the Regional Wood Energy Development Programme in Asia,"Bangladesh, Bhutan, Cambodia, China, India, India, Indonesia, Laos, Malaysia, maldives, Myanmar, Nepal, Pakistan, Sri Lanka, Thailand, Vietnam. ",Wheat,Straw,WHEAT STRAW,Ishaque ' 91,"Koopmans and Koppejan (2008) Agricultural and forest residues-generation, utilization and availability. ",http://citeseerx.ist.psu.edu/viewdoc/download?doi=10.1.1.469.3270&rep=rep1&type=pdf,1.7,,,,0.37037037
South and South East Asia,Country members of the Regional Wood Energy Development Programme in Asia,"Bangladesh, Bhutan, Cambodia, China, India, India, Indonesia, Laos, Malaysia, maldives, Myanmar, Nepal, Pakistan, Sri Lanka, Thailand, Vietnam. ",Wheat,Straw,WHEAT STRAW,Kristoferson ea '91,"Koopmans and Koppejan (2008) Agricultural and forest residues-generation, utilization and availability. ",http://citeseerx.ist.psu.edu/viewdoc/download?doi=10.1.1.469.3270&rep=rep1&type=pdf,1.4,,,,0.416666667
South and South East Asia,Country members of the Regional Wood Energy Development Programme in Asia,"Bangladesh, Bhutan, Cambodia, China, India, India, Indonesia, Laos, Malaysia, maldives, Myanmar, Nepal, Pakistan, Sri Lanka, Thailand, Vietnam. ",Wheat,Straw,WHEAT STRAW,Ryan ea '91,"Koopmans and Koppejan (2008) Agricultural and forest residues-generation, utilization and availability. ",http://citeseerx.ist.psu.edu/viewdoc/download?doi=10.1.1.469.3270&rep=rep1&type=pdf,1.25,,,,0.444444444
South and South East Asia,Country members of the Regional Wood Energy Development Programme in Asia,"Bangladesh, Bhutan, Cambodia, China, India, India, Indonesia, Laos, Malaysia, maldives, Myanmar, Nepal, Pakistan, Sri Lanka, Thailand, Vietnam. ",Wheat,Straw,WHEAT STRAW,Bhattacharya ea '93,"Koopmans and Koppejan (2008) Agricultural and forest residues-generation, utilization and availability. ",http://citeseerx.ist.psu.edu/viewdoc/download?doi=10.1.1.469.3270&rep=rep1&type=pdf,1.75,15,42.55,,0.363636364
South and South East Asia,Country members of the Regional Wood Energy Development Programme in Asia,"Bangladesh, Bhutan, Cambodia, China, India, India, Indonesia, Laos, Malaysia, maldives, Myanmar, Nepal, Pakistan, Sri Lanka, Thailand, Vietnam. ",Millet/rye/oats,Straw,MILLET / RYE / OATS STRAW,Smill '83,"Koopmans and Koppejan (2008) Agricultural and forest residues-generation, utilization and availability. ",http://citeseerx.ist.psu.edu/viewdoc/download?doi=10.1.1.469.3270&rep=rep1&type=pdf,1.5,,,,0.4
South and South East Asia,Country members of the Regional Wood Energy Development Programme in Asia,"Bangladesh, Bhutan, Cambodia, China, India, India, Indonesia, Laos, Malaysia, maldives, Myanmar, Nepal, Pakistan, Sri Lanka, Thailand, Vietnam. ",Millet/rye/oats,Straw,MILLET / RYE / OATS STRAW,Barnard ea '85,"Koopmans and Koppejan (2008) Agricultural and forest residues-generation, utilization and availability. ",http://citeseerx.ist.psu.edu/viewdoc/download?doi=10.1.1.469.3270&rep=rep1&type=pdf,1.53,,,,0.395256917
South and South East Asia,Country members of the Regional Wood Energy Development Programme in Asia,"Bangladesh, Bhutan, Cambodia, China, India, India, Indonesia, Laos, Malaysia, maldives, Myanmar, Nepal, Pakistan, Sri Lanka, Thailand, Vietnam. ",Millet/rye/oats,Straw,MILLET / RYE / OATS STRAW,Ishaque '91,"Koopmans and Koppejan (2008) Agricultural and forest residues-generation, utilization and availability. ",http://citeseerx.ist.psu.edu/viewdoc/download?doi=10.1.1.469.3270&rep=rep1&type=pdf,1.1,,,,0.476190476
South and South East Asia,Country members of the Regional Wood Energy Development Programme in Asia,"Bangladesh, Bhutan, Cambodia, China, India, India, Indonesia, Laos, Malaysia, maldives, Myanmar, Nepal, Pakistan, Sri Lanka, Thailand, Vietnam. ",Millet/rye/oats,Straw,MILLET / RYE / OATS STRAW,Kristoferson ea '91,"Koopmans and Koppejan (2008) Agricultural and forest residues-generation, utilization and availability. ",http://citeseerx.ist.psu.edu/viewdoc/download?doi=10.1.1.469.3270&rep=rep1&type=pdf,1.9,,,,0.344827586
South and South East Asia,Country members of the Regional Wood Energy Development Programme in Asia,"Bangladesh, Bhutan, Cambodia, China, India, India, Indonesia, Laos, Malaysia, maldives, Myanmar, Nepal, Pakistan, Sri Lanka, Thailand, Vietnam. ",Millet/rye/oats,Straw,MILLET / RYE / OATS STRAW,Ryan ea '91,"Koopmans and Koppejan (2008) Agricultural and forest residues-generation, utilization and availability. ",http://citeseerx.ist.psu.edu/viewdoc/download?doi=10.1.1.469.3270&rep=rep1&type=pdf,1.55,,,,0.392156863
South and South East Asia,Country members of the Regional Wood Energy Development Programme in Asia,"Bangladesh, Bhutan, Cambodia, China, India, India, Indonesia, Laos, Malaysia, maldives, Myanmar, Nepal, Pakistan, Sri Lanka, Thailand, Vietnam. ",Millet/rye/oats,Straw,MILLET / RYE / OATS STRAW,Bhattacharya ea '93,"Koopmans and Koppejan (2008) Agricultural and forest residues-generation, utilization and availability. ",http://citeseerx.ist.psu.edu/viewdoc/download?doi=10.1.1.469.3270&rep=rep1&type=pdf,1.75,15,42.55,,0.363636364
South and South East Asia,Country members of the Regional Wood Energy Development Programme in Asia,"Bangladesh, Bhutan, Cambodia, China, India, India, Indonesia, Laos, Malaysia, maldives, Myanmar, Nepal, Pakistan, Sri Lanka, Thailand, Vietnam. ",Barley,Straw,BARLEY STRAW,Barnard ea '85,"Koopmans and Koppejan (2008) Agricultural and forest residues-generation, utilization and availability. ",http://citeseerx.ist.psu.edu/viewdoc/download?doi=10.1.1.469.3270&rep=rep1&type=pdf,1.175,,,,0.459770115
South and South East Asia,Country members of the Regional Wood Energy Development Programme in Asia,"Bangladesh, Bhutan, Cambodia, China, India, India, Indonesia, Laos, Malaysia, maldives, Myanmar, Nepal, Pakistan, Sri Lanka, Thailand, Vietnam. ",Barley,Straw,BARLEY STRAW,Strehler ' 87,"Koopmans and Koppejan (2008) Agricultural and forest residues-generation, utilization and availability. ",http://citeseerx.ist.psu.edu/viewdoc/download?doi=10.1.1.469.3270&rep=rep1&type=pdf,,17,45.67,0.43,
South and South East Asia,Country members of the Regional Wood Energy Development Programme in Asia,"Bangladesh, Bhutan, Cambodia, China, India, India, Indonesia, Laos, Malaysia, maldives, Myanmar, Nepal, Pakistan, Sri Lanka, Thailand, Vietnam. ",Barley,Straw,BARLEY STRAW,Massaquoi '90,"Koopmans and Koppejan (2008) Agricultural and forest residues-generation, utilization and availability. ",http://citeseerx.ist.psu.edu/viewdoc/download?doi=10.1.1.469.3270&rep=rep1&type=pdf,1.2,,,,0.454545455
South and South East Asia,Country members of the Regional Wood Energy Development Programme in Asia,"Bangladesh, Bhutan, Cambodia, China, India, India, Indonesia, Laos, Malaysia, maldives, Myanmar, Nepal, Pakistan, Sri Lanka, Thailand, Vietnam. ",Barley,Straw,BARLEY STRAW,Desai '90,"Koopmans and Koppejan (2008) Agricultural and forest residues-generation, utilization and availability. ",http://citeseerx.ist.psu.edu/viewdoc/download?doi=10.1.1.469.3270&rep=rep1&type=pdf,1.58,,,,0.387596899
South and South East Asia,Country members of the Regional Wood Energy Development Programme in Asia,"Bangladesh, Bhutan, Cambodia, China, India, India, Indonesia, Laos, Malaysia, maldives, Myanmar, Nepal, Pakistan, Sri Lanka, Thailand, Vietnam. ",Barley,Straw,BARLEY STRAW,Ishaque '91,"Koopmans and Koppejan (2008) Agricultural and forest residues-generation, utilization and availability. ",http://citeseerx.ist.psu.edu/viewdoc/download?doi=10.1.1.469.3270&rep=rep1&type=pdf,1.7,,,,0.37037037
South and South East Asia,Country members of the Regional Wood Energy Development Programme in Asia,"Bangladesh, Bhutan, Cambodia, China, India, India, Indonesia, Laos, Malaysia, maldives, Myanmar, Nepal, Pakistan, Sri Lanka, Thailand, Vietnam. ",Barley,Straw,BARLEY STRAW,Kristoferson ea '91,"Koopmans and Koppejan (2008) Agricultural and forest residues-generation, utilization and availability. ",http://citeseerx.ist.psu.edu/viewdoc/download?doi=10.1.1.469.3270&rep=rep1&type=pdf,1.65,,,,0.377358491
South and South East Asia,Country members of the Regional Wood Energy Development Programme in Asia,"Bangladesh, Bhutan, Cambodia, China, India, India, Indonesia, Laos, Malaysia, maldives, Myanmar, Nepal, Pakistan, Sri Lanka, Thailand, Vietnam. ",Barley,Straw,BARLEY STRAW,Ryan ea '91,"Koopmans and Koppejan (2008) Agricultural and forest residues-generation, utilization and availability. ",http://citeseerx.ist.psu.edu/viewdoc/download?doi=10.1.1.469.3270&rep=rep1&type=pdf,1.2,,,,0.454545455
South and South East Asia,Country members of the Regional Wood Energy Development Programme in Asia,"Bangladesh, Bhutan, Cambodia, China, India, India, Indonesia, Laos, Malaysia, maldives, Myanmar, Nepal, Pakistan, Sri Lanka, Thailand, Vietnam. ",Barley,Straw,BARLEY STRAW,Bhattacharya ea '93,"Koopmans and Koppejan (2008) Agricultural and forest residues-generation, utilization and availability. ",http://citeseerx.ist.psu.edu/viewdoc/download?doi=10.1.1.469.3270&rep=rep1&type=pdf,1.75,15,42.55,,0.363636364
South and South East Asia,Country members of the Regional Wood Energy Development Programme in Asia,"Bangladesh, Bhutan, Cambodia, China, India, India, Indonesia, Laos, Malaysia, maldives, Myanmar, Nepal, Pakistan, Sri Lanka, Thailand, Vietnam. ",Sorghum,Straw,SORGHUM STRAW,Smill '83,"Koopmans and Koppejan (2008) Agricultural and forest residues-generation, utilization and availability. ",http://citeseerx.ist.psu.edu/viewdoc/download?doi=10.1.1.469.3270&rep=rep1&type=pdf,1.2,,,,0.454545455
South and South East Asia,Country members of the Regional Wood Energy Development Programme in Asia,"Bangladesh, Bhutan, Cambodia, China, India, India, Indonesia, Laos, Malaysia, maldives, Myanmar, Nepal, Pakistan, Sri Lanka, Thailand, Vietnam. ",Sorghum,Straw,SORGHUM STRAW,Barnard ea '85,"Koopmans and Koppejan (2008) Agricultural and forest residues-generation, utilization and availability. ",http://citeseerx.ist.psu.edu/viewdoc/download?doi=10.1.1.469.3270&rep=rep1&type=pdf,4.6,,,,0.178571429
South and South East Asia,Country members of the Regional Wood Energy Development Programme in Asia,"Bangladesh, Bhutan, Cambodia, China, India, India, Indonesia, Laos, Malaysia, maldives, Myanmar, Nepal, Pakistan, Sri Lanka, Thailand, Vietnam. ",Sorghum,Straw,SORGHUM STRAW,Massaquoi '90,"Koopmans and Koppejan (2008) Agricultural and forest residues-generation, utilization and availability. ",http://citeseerx.ist.psu.edu/viewdoc/download?doi=10.1.1.469.3270&rep=rep1&type=pdf,2.75,,,,0.266666667
South and South East Asia,Country members of the Regional Wood Energy Development Programme in Asia,"Bangladesh, Bhutan, Cambodia, China, India, India, Indonesia, Laos, Malaysia, maldives, Myanmar, Nepal, Pakistan, Sri Lanka, Thailand, Vietnam. ",Sorghum,Straw,SORGHUM STRAW,Desai '90,"Koopmans and Koppejan (2008) Agricultural and forest residues-generation, utilization and availability. ",http://citeseerx.ist.psu.edu/viewdoc/download?doi=10.1.1.469.3270&rep=rep1&type=pdf,2.26,,,,0.306748466
South and South East Asia,Country members of the Regional Wood Energy Development Programme in Asia,"Bangladesh, Bhutan, Cambodia, China, India, India, Indonesia, Laos, Malaysia, maldives, Myanmar, Nepal, Pakistan, Sri Lanka, Thailand, Vietnam. ",Sorghum,Straw,SORGHUM STRAW,Ishaque '91,"Koopmans and Koppejan (2008) Agricultural and forest residues-generation, utilization and availability. ",http://citeseerx.ist.psu.edu/viewdoc/download?doi=10.1.1.469.3270&rep=rep1&type=pdf,1,,,,0.5
South and South East Asia,Country members of the Regional Wood Energy Development Programme in Asia,"Bangladesh, Bhutan, Cambodia, China, India, India, Indonesia, Laos, Malaysia, maldives, Myanmar, Nepal, Pakistan, Sri Lanka, Thailand, Vietnam. ",Sorghum,Straw,SORGHUM STRAW,Kristoferson ea '91,"Koopmans and Koppejan (2008) Agricultural and forest residues-generation, utilization and availability. ",http://citeseerx.ist.psu.edu/viewdoc/download?doi=10.1.1.469.3270&rep=rep1&type=pdf,2.9,,,,0.256410256
South and South East Asia,Country members of the Regional Wood Energy Development Programme in Asia,"Bangladesh, Bhutan, Cambodia, China, India, India, Indonesia, Laos, Malaysia, maldives, Myanmar, Nepal, Pakistan, Sri Lanka, Thailand, Vietnam. ",Sorghum,Straw,SORGHUM STRAW,Ryan '91,"Koopmans and Koppejan (2008) Agricultural and forest residues-generation, utilization and availability. ",http://citeseerx.ist.psu.edu/viewdoc/download?doi=10.1.1.469.3270&rep=rep1&type=pdf,2.75,,,,0.266666667
South and South East Asia,Country members of the Regional Wood Energy Development Programme in Asia,"Bangladesh, Bhutan, Cambodia, China, India, India, Indonesia, Laos, Malaysia, maldives, Myanmar, Nepal, Pakistan, Sri Lanka, Thailand, Vietnam. ",Sorghum,Straw,SORGHUM STRAW,Bhattacharya ea '93,"Koopmans and Koppejan (2008) Agricultural and forest residues-generation, utilization and availability. ",http://citeseerx.ist.psu.edu/viewdoc/download?doi=10.1.1.469.3270&rep=rep1&type=pdf,1.25,15,42.55,,0.444444444
South and South East Asia,Country members of the Regional Wood Energy Development Programme in Asia,"Bangladesh, Bhutan, Cambodia, China, India, India, Indonesia, Laos, Malaysia, maldives, Myanmar, Nepal, Pakistan, Sri Lanka, Thailand, Vietnam. ",Cassava,Stalks,CASSAVA STALKS,Webb '79,"Koopmans and Koppejan (2008) Agricultural and forest residues-generation, utilization and availability. ",http://citeseerx.ist.psu.edu/viewdoc/download?doi=10.1.1.469.3270&rep=rep1&type=pdf,1,,,,0.5
South and South East Asia,Country members of the Regional Wood Energy Development Programme in Asia,"Bangladesh, Bhutan, Cambodia, China, India, India, Indonesia, Laos, Malaysia, maldives, Myanmar, Nepal, Pakistan, Sri Lanka, Thailand, Vietnam. ",Cassava,Stalks,CASSAVA STALKS,AIT-EEC '83,"Koopmans and Koppejan (2008) Agricultural and forest residues-generation, utilization and availability. ",http://citeseerx.ist.psu.edu/viewdoc/download?doi=10.1.1.469.3270&rep=rep1&type=pdf,0.1617,,,,0.860807437
South and South East Asia,Country members of the Regional Wood Energy Development Programme in Asia,"Bangladesh, Bhutan, Cambodia, China, India, India, Indonesia, Laos, Malaysia, maldives, Myanmar, Nepal, Pakistan, Sri Lanka, Thailand, Vietnam. ",Cassava,Stalks,CASSAVA STALKS,Smill '83,"Koopmans and Koppejan (2008) Agricultural and forest residues-generation, utilization and availability. ",http://citeseerx.ist.psu.edu/viewdoc/download?doi=10.1.1.469.3270&rep=rep1&type=pdf,0.2,,,,0.833333333
South and South East Asia,Country members of the Regional Wood Energy Development Programme in Asia,"Bangladesh, Bhutan, Cambodia, China, India, India, Indonesia, Laos, Malaysia, maldives, Myanmar, Nepal, Pakistan, Sri Lanka, Thailand, Vietnam. ",Cassava,Stalks,CASSAVA STALKS,Massaquoi '90,"Koopmans and Koppejan (2008) Agricultural and forest residues-generation, utilization and availability. ",http://citeseerx.ist.psu.edu/viewdoc/download?doi=10.1.1.469.3270&rep=rep1&type=pdf,0.2,,,,0.833333333
South and South East Asia,Country members of the Regional Wood Energy Development Programme in Asia,"Bangladesh, Bhutan, Cambodia, China, India, India, Indonesia, Laos, Malaysia, maldives, Myanmar, Nepal, Pakistan, Sri Lanka, Thailand, Vietnam. ",Cassava,Stalks,CASSAVA STALKS,Ryan ea '91,"Koopmans and Koppejan (2008) Agricultural and forest residues-generation, utilization and availability. ",http://citeseerx.ist.psu.edu/viewdoc/download?doi=10.1.1.469.3270&rep=rep1&type=pdf,0.2,,,,0.833333333
South and South East Asia,Country members of the Regional Wood Energy Development Programme in Asia,"Bangladesh, Bhutan, Cambodia, China, India, India, Indonesia, Laos, Malaysia, maldives, Myanmar, Nepal, Pakistan, Sri Lanka, Thailand, Vietnam. ",Cassava,Stalks,CASSAVA STALKS,Bhattacharya ea '93,"Koopmans and Koppejan (2008) Agricultural and forest residues-generation, utilization and availability. ",http://citeseerx.ist.psu.edu/viewdoc/download?doi=10.1.1.469.3270&rep=rep1&type=pdf,0.062,15,44.14,,0.941619586
South and South East Asia,Country members of the Regional Wood Energy Development Programme in Asia,"Bangladesh, Bhutan, Cambodia, China, India, India, Indonesia, Laos, Malaysia, maldives, Myanmar, Nepal, Pakistan, Sri Lanka, Thailand, Vietnam. ",Groundnut,Husks/shells,GROUNDNUT HUSKS/SHELLS,Barnard ea '85,"Koopmans and Koppejan (2008) Agricultural and forest residues-generation, utilization and availability. ",http://citeseerx.ist.psu.edu/viewdoc/download?doi=10.1.1.469.3270&rep=rep1&type=pdf,0.5,,,,0.666666667
South and South East Asia,Country members of the Regional Wood Energy Development Programme in Asia,"Bangladesh, Bhutan, Cambodia, China, India, India, Indonesia, Laos, Malaysia, maldives, Myanmar, Nepal, Pakistan, Sri Lanka, Thailand, Vietnam. ",Groundnut,Husks/shells,GROUNDNUT HUSKS/SHELLS,Massaquoi '90,"Koopmans and Koppejan (2008) Agricultural and forest residues-generation, utilization and availability. ",http://citeseerx.ist.psu.edu/viewdoc/download?doi=10.1.1.469.3270&rep=rep1&type=pdf,1.2,,,,0.454545455
South and South East Asia,Country members of the Regional Wood Energy Development Programme in Asia,"Bangladesh, Bhutan, Cambodia, China, India, India, Indonesia, Laos, Malaysia, maldives, Myanmar, Nepal, Pakistan, Sri Lanka, Thailand, Vietnam. ",Groundnut,Husks/shells,GROUNDNUT HUSKS/SHELLS,Ryan ea '91,"Koopmans and Koppejan (2008) Agricultural and forest residues-generation, utilization and availability. ",http://citeseerx.ist.psu.edu/viewdoc/download?doi=10.1.1.469.3270&rep=rep1&type=pdf,0.5,,,,0.666666667
South and South East Asia,Country members of the Regional Wood Energy Development Programme in Asia,"Bangladesh, Bhutan, Cambodia, China, India, India, Indonesia, Laos, Malaysia, maldives, Myanmar, Nepal, Pakistan, Sri Lanka, Thailand, Vietnam. ",Groundnut,Husks/shells,GROUNDNUT HUSKS/SHELLS,Vimal '84,"Koopmans and Koppejan (2008) Agricultural and forest residues-generation, utilization and availability. ",http://citeseerx.ist.psu.edu/viewdoc/download?doi=10.1.1.469.3270&rep=rep1&type=pdf,,7.3,45.92,1.09,
South and South East Asia,Country members of the Regional Wood Energy Development Programme in Asia,"Bangladesh, Bhutan, Cambodia, China, India, India, Indonesia, Laos, Malaysia, maldives, Myanmar, Nepal, Pakistan, Sri Lanka, Thailand, Vietnam. ",Groundnut,Husks/shells,GROUNDNUT HUSKS/SHELLS,Bhattacharya ea '93,"Koopmans and Koppejan (2008) Agricultural and forest residues-generation, utilization and availability. ",http://citeseerx.ist.psu.edu/viewdoc/download?doi=10.1.1.469.3270&rep=rep1&type=pdf,0.477,8.2,41.69,,0.67704807
South and South East Asia,Country members of the Regional Wood Energy Development Programme in Asia,"Bangladesh, Bhutan, Cambodia, China, India, India, Indonesia, Laos, Malaysia, maldives, Myanmar, Nepal, Pakistan, Sri Lanka, Thailand, Vietnam. ",Groundnut,Straw,GROUNDNUT STRAW,Vimal '84,"Koopmans and Koppejan (2008) Agricultural and forest residues-generation, utilization and availability. ",http://citeseerx.ist.psu.edu/viewdoc/download?doi=10.1.1.469.3270&rep=rep1&type=pdf,,12.1,,,
South and South East Asia,Country members of the Regional Wood Energy Development Programme in Asia,"Bangladesh, Bhutan, Cambodia, China, India, India, Indonesia, Laos, Malaysia, maldives, Myanmar, Nepal, Pakistan, Sri Lanka, Thailand, Vietnam. ",Groundnut,Straw,GROUNDNUT STRAW,Barnard ea '85,"Koopmans and Koppejan (2008) Agricultural and forest residues-generation, utilization and availability. ",http://citeseerx.ist.psu.edu/viewdoc/download?doi=10.1.1.469.3270&rep=rep1&type=pdf,2.26,,,,0.306748466
South and South East Asia,Country members of the Regional Wood Energy Development Programme in Asia,"Bangladesh, Bhutan, Cambodia, China, India, India, Indonesia, Laos, Malaysia, maldives, Myanmar, Nepal, Pakistan, Sri Lanka, Thailand, Vietnam. ",Groundnut,Straw,GROUNDNUT STRAW,Massaquoi '90,"Koopmans and Koppejan (2008) Agricultural and forest residues-generation, utilization and availability. ",http://citeseerx.ist.psu.edu/viewdoc/download?doi=10.1.1.469.3270&rep=rep1&type=pdf,2.6,,,,0.277777778
South and South East Asia,Country members of the Regional Wood Energy Development Programme in Asia,"Bangladesh, Bhutan, Cambodia, China, India, India, Indonesia, Laos, Malaysia, maldives, Myanmar, Nepal, Pakistan, Sri Lanka, Thailand, Vietnam. ",Groundnut,Straw,GROUNDNUT STRAW,Ryan ea '91,"Koopmans and Koppejan (2008) Agricultural and forest residues-generation, utilization and availability. ",http://citeseerx.ist.psu.edu/viewdoc/download?doi=10.1.1.469.3270&rep=rep1&type=pdf,2.55,,,,0.281690141
South and South East Asia,Country members of the Regional Wood Energy Development Programme in Asia,"Bangladesh, Bhutan, Cambodia, China, India, India, Indonesia, Laos, Malaysia, maldives, Myanmar, Nepal, Pakistan, Sri Lanka, Thailand, Vietnam. ",Groundnut,Straw,GROUNDNUT STRAW,Kristoferson ea '01,"Koopmans and Koppejan (2008) Agricultural and forest residues-generation, utilization and availability. ",http://citeseerx.ist.psu.edu/viewdoc/download?doi=10.1.1.469.3270&rep=rep1&type=pdf,2.3,,,,0.303030303
South and South East Asia,Country members of the Regional Wood Energy Development Programme in Asia,"Bangladesh, Bhutan, Cambodia, China, India, India, Indonesia, Laos, Malaysia, maldives, Myanmar, Nepal, Pakistan, Sri Lanka, Thailand, Vietnam. ",Soybeans,Straw,SOYABEAN STRAW,Smill '83,"Koopmans and Koppejan (2008) Agricultural and forest residues-generation, utilization and availability. ",http://citeseerx.ist.psu.edu/viewdoc/download?doi=10.1.1.469.3270&rep=rep1&type=pdf,1,,,,0.5
South and South East Asia,Country members of the Regional Wood Energy Development Programme in Asia,"Bangladesh, Bhutan, Cambodia, China, India, India, Indonesia, Laos, Malaysia, maldives, Myanmar, Nepal, Pakistan, Sri Lanka, Thailand, Vietnam. ",Soybeans,Straw,SOYABEAN STRAW,Bhattacharya ea '93,"Koopmans and Koppejan (2008) Agricultural and forest residues-generation, utilization and availability. ",http://citeseerx.ist.psu.edu/viewdoc/download?doi=10.1.1.469.3270&rep=rep1&type=pdf,1.75,15,42.55,,0.363636364
South and South East Asia,Country members of the Regional Wood Energy Development Programme in Asia,"Bangladesh, Bhutan, Cambodia, China, India, India, Indonesia, Laos, Malaysia, maldives, Myanmar, Nepal, Pakistan, Sri Lanka, Thailand, Vietnam. ",Soybeans,Straw,SOYABEAN STRAW,AIT-EEC '83,"Koopmans and Koppejan (2008) Agricultural and forest residues-generation, utilization and availability. ",http://citeseerx.ist.psu.edu/viewdoc/download?doi=10.1.1.469.3270&rep=rep1&type=pdf,3.94,,,,0.20242915
South and South East Asia,Country members of the Regional Wood Energy Development Programme in Asia,"Bangladesh, Bhutan, Cambodia, China, India, India, Indonesia, Laos, Malaysia, maldives, Myanmar, Nepal, Pakistan, Sri Lanka, Thailand, Vietnam. ",Sugar cane,Bagasse,SUGAR CANE BAGASSE,Vimal '79,"Koopmans and Koppejan (2008) Agricultural and forest residues-generation, utilization and availability. ",http://citeseerx.ist.psu.edu/viewdoc/download?doi=10.1.1.469.3270&rep=rep1&type=pdf,0.33,48,,,0.751879699
South and South East Asia,Country members of the Regional Wood Energy Development Programme in Asia,"Bangladesh, Bhutan, Cambodia, China, India, India, Indonesia, Laos, Malaysia, maldives, Myanmar, Nepal, Pakistan, Sri Lanka, Thailand, Vietnam. ",Sugar cane,Bagasse,SUGAR CANE BAGASSE,Webb '79,"Koopmans and Koppejan (2008) Agricultural and forest residues-generation, utilization and availability. ",http://citeseerx.ist.psu.edu/viewdoc/download?doi=10.1.1.469.3270&rep=rep1&type=pdf,0.289,52,,,0.77579519
South and South East Asia,Country members of the Regional Wood Energy Development Programme in Asia,"Bangladesh, Bhutan, Cambodia, China, India, India, Indonesia, Laos, Malaysia, maldives, Myanmar, Nepal, Pakistan, Sri Lanka, Thailand, Vietnam. ",Sugar cane,Bagasse,SUGAR CANE BAGASSE,AIT-EEC '83,"Koopmans and Koppejan (2008) Agricultural and forest residues-generation, utilization and availability. ",http://citeseerx.ist.psu.edu/viewdoc/download?doi=10.1.1.469.3270&rep=rep1&type=pdf,0.141,50,,,0.876424189
South and South East Asia,Country members of the Regional Wood Energy Development Programme in Asia,"Bangladesh, Bhutan, Cambodia, China, India, India, Indonesia, Laos, Malaysia, maldives, Myanmar, Nepal, Pakistan, Sri Lanka, Thailand, Vietnam. ",Sugar cane,Bagasse,SUGAR CANE BAGASSE,Strehler '87,"Koopmans and Koppejan (2008) Agricultural and forest residues-generation, utilization and availability. ",http://citeseerx.ist.psu.edu/viewdoc/download?doi=10.1.1.469.3270&rep=rep1&type=pdf,1.16,50,46.95,0.3,0.462962963
South and South East Asia,Country members of the Regional Wood Energy Development Programme in Asia,"Bangladesh, Bhutan, Cambodia, China, India, India, Indonesia, Laos, Malaysia, maldives, Myanmar, Nepal, Pakistan, Sri Lanka, Thailand, Vietnam. ",Sugar cane,Bagasse,SUGAR CANE BAGASSE,Bhattacharya ea '93,"Koopmans and Koppejan (2008) Agricultural and forest residues-generation, utilization and availability. ",http://citeseerx.ist.psu.edu/viewdoc/download?doi=10.1.1.469.3270&rep=rep1&type=pdf,0.29,49,43.3,,0.775193798
South and South East Asia,Country members of the Regional Wood Energy Development Programme in Asia,"Bangladesh, Bhutan, Cambodia, China, India, India, Indonesia, Laos, Malaysia, maldives, Myanmar, Nepal, Pakistan, Sri Lanka, Thailand, Vietnam. ",Sugar cane,Bagasse,SUGAR CANE BAGASSE,Ryan ea '91,"Koopmans and Koppejan (2008) Agricultural and forest residues-generation, utilization and availability. ",http://citeseerx.ist.psu.edu/viewdoc/download?doi=10.1.1.469.3270&rep=rep1&type=pdf,0.2,,,,0.833333333
South and South East Asia,Country members of the Regional Wood Energy Development Programme in Asia,"Bangladesh, Bhutan, Cambodia, China, India, India, Indonesia, Laos, Malaysia, maldives, Myanmar, Nepal, Pakistan, Sri Lanka, Thailand, Vietnam. ",Sugar cane,Tops/leaves,SUGAR CANE TOPS / LEAVES,Vimal '79,"Koopmans and Koppejan (2008) Agricultural and forest residues-generation, utilization and availability. ",http://citeseerx.ist.psu.edu/viewdoc/download?doi=10.1.1.469.3270&rep=rep1&type=pdf,0.1,75,,,0.909090909
South and South East Asia,Country members of the Regional Wood Energy Development Programme in Asia,"Bangladesh, Bhutan, Cambodia, China, India, India, Indonesia, Laos, Malaysia, maldives, Myanmar, Nepal, Pakistan, Sri Lanka, Thailand, Vietnam. ",Sugar cane,Tops/leaves,SUGAR CANE TOPS / LEAVES,AIT-EEC '83,"Koopmans and Koppejan (2008) Agricultural and forest residues-generation, utilization and availability. ",http://citeseerx.ist.psu.edu/viewdoc/download?doi=10.1.1.469.3270&rep=rep1&type=pdf,0.125,50,,,0.888888889
South and South East Asia,Country members of the Regional Wood Energy Development Programme in Asia,"Bangladesh, Bhutan, Cambodia, China, India, India, Indonesia, Laos, Malaysia, maldives, Myanmar, Nepal, Pakistan, Sri Lanka, Thailand, Vietnam. ",Sugar cane,Tops/leaves,SUGAR CANE TOPS / LEAVES,USAID '89,"Koopmans and Koppejan (2008) Agricultural and forest residues-generation, utilization and availability. ",http://citeseerx.ist.psu.edu/viewdoc/download?doi=10.1.1.469.3270&rep=rep1&type=pdf,0.3,,,,0.769230769
South and South East Asia,Country members of the Regional Wood Energy Development Programme in Asia,"Bangladesh, Bhutan, Cambodia, China, India, India, Indonesia, Laos, Malaysia, maldives, Myanmar, Nepal, Pakistan, Sri Lanka, Thailand, Vietnam. ",Jute,Stalk,JUTE STALK,BEPP '85,"Koopmans and Koppejan (2008) Agricultural and forest residues-generation, utilization and availability. ",http://citeseerx.ist.psu.edu/viewdoc/download?doi=10.1.1.469.3270&rep=rep1&type=pdf,2,,,,0.333333333
South and South East Asia,Country members of the Regional Wood Energy Development Programme in Asia,"Bangladesh, Bhutan, Cambodia, China, India, India, Indonesia, Laos, Malaysia, maldives, Myanmar, Nepal, Pakistan, Sri Lanka, Thailand, Vietnam. ",Jute,Stalk,JUTE STALK,Barnard ea '85,"Koopmans and Koppejan (2008) Agricultural and forest residues-generation, utilization and availability. ",http://citeseerx.ist.psu.edu/viewdoc/download?doi=10.1.1.469.3270&rep=rep1&type=pdf,1.925,,,,0.341880342
South and South East Asia,Country members of the Regional Wood Energy Development Programme in Asia,"Bangladesh, Bhutan, Cambodia, China, India, India, Indonesia, Laos, Malaysia, maldives, Myanmar, Nepal, Pakistan, Sri Lanka, Thailand, Vietnam. ",Jute,Stalk,JUTE STALK,Desai '90,"Koopmans and Koppejan (2008) Agricultural and forest residues-generation, utilization and availability. ",http://citeseerx.ist.psu.edu/viewdoc/download?doi=10.1.1.469.3270&rep=rep1&type=pdf,1.37,,,,0.421940928
South and South East Asia,Country members of the Regional Wood Energy Development Programme in Asia,"Bangladesh, Bhutan, Cambodia, China, India, India, Indonesia, Laos, Malaysia, maldives, Myanmar, Nepal, Pakistan, Sri Lanka, Thailand, Vietnam. ",Jute,Stalk,JUTE STALK,Ryan ea '91,"Koopmans and Koppejan (2008) Agricultural and forest residues-generation, utilization and availability. ",http://citeseerx.ist.psu.edu/viewdoc/download?doi=10.1.1.469.3270&rep=rep1&type=pdf,2,,,,0.333333333
South and South East Asia,Country members of the Regional Wood Energy Development Programme in Asia,"Bangladesh, Bhutan, Cambodia, China, India, India, Indonesia, Laos, Malaysia, maldives, Myanmar, Nepal, Pakistan, Sri Lanka, Thailand, Vietnam. ",Cotton,Stalk,COTTON STALK,Vimal '84,"Koopmans and Koppejan (2008) Agricultural and forest residues-generation, utilization and availability. ",http://citeseerx.ist.psu.edu/viewdoc/download?doi=10.1.1.469.3270&rep=rep1&type=pdf,,12,,,
South and South East Asia,Country members of the Regional Wood Energy Development Programme in Asia,"Bangladesh, Bhutan, Cambodia, China, India, India, Indonesia, Laos, Malaysia, maldives, Myanmar, Nepal, Pakistan, Sri Lanka, Thailand, Vietnam. ",Cotton,Stalk,COTTON STALK,Barnard ea '85,"Koopmans and Koppejan (2008) Agricultural and forest residues-generation, utilization and availability. ",http://citeseerx.ist.psu.edu/viewdoc/download?doi=10.1.1.469.3270&rep=rep1&type=pdf,3.52,,,,0.221238938
South and South East Asia,Country members of the Regional Wood Energy Development Programme in Asia,"Bangladesh, Bhutan, Cambodia, China, India, India, Indonesia, Laos, Malaysia, maldives, Myanmar, Nepal, Pakistan, Sri Lanka, Thailand, Vietnam. ",Cotton,Stalk,COTTON STALK,Massaquoi '90,"Koopmans and Koppejan (2008) Agricultural and forest residues-generation, utilization and availability. ",http://citeseerx.ist.psu.edu/viewdoc/download?doi=10.1.1.469.3270&rep=rep1&type=pdf,3.75,,,,0.210526316
South and South East Asia,Country members of the Regional Wood Energy Development Programme in Asia,"Bangladesh, Bhutan, Cambodia, China, India, India, Indonesia, Laos, Malaysia, maldives, Myanmar, Nepal, Pakistan, Sri Lanka, Thailand, Vietnam. ",Cotton,Stalk,COTTON STALK,Kristoferson ea '91,"Koopmans and Koppejan (2008) Agricultural and forest residues-generation, utilization and availability. ",http://citeseerx.ist.psu.edu/viewdoc/download?doi=10.1.1.469.3270&rep=rep1&type=pdf,4.25,,,,0.19047619
South and South East Asia,Country members of the Regional Wood Energy Development Programme in Asia,"Bangladesh, Bhutan, Cambodia, China, India, India, Indonesia, Laos, Malaysia, maldives, Myanmar, Nepal, Pakistan, Sri Lanka, Thailand, Vietnam. ",Cotton,Stalk,COTTON STALK,Bhattacharya ea '90,"Koopmans and Koppejan (2008) Agricultural and forest residues-generation, utilization and availability. ",http://citeseerx.ist.psu.edu/viewdoc/download?doi=10.1.1.469.3270&rep=rep1&type=pdf,2.76,12,18.88,,0.265957447
South and South East Asia,Country members of the Regional Wood Energy Development Programme in Asia,"Bangladesh, Bhutan, Cambodia, China, India, India, Indonesia, Laos, Malaysia, maldives, Myanmar, Nepal, Pakistan, Sri Lanka, Thailand, Vietnam. ",Cotton,Stalk,COTTON STALK,Ryan ea '91,"Koopmans and Koppejan (2008) Agricultural and forest residues-generation, utilization and availability. ",http://citeseerx.ist.psu.edu/viewdoc/download?doi=10.1.1.469.3270&rep=rep1&type=pdf,3.75,,,,0.210526316
South and South East Asia,Country members of the Regional Wood Energy Development Programme in Asia,"Bangladesh, Bhutan, Cambodia, China, India, India, Indonesia, Laos, Malaysia, maldives, Myanmar, Nepal, Pakistan, Sri Lanka, Thailand, Vietnam. ",Pigeon pea,Crop product,Pigeon Pea,Ryan ea '91,"Koopmans and Koppejan (2008) Agricultural and forest residues-generation, utilization and availability. ",http://citeseerx.ist.psu.edu/viewdoc/download?doi=10.1.1.469.3270&rep=rep1&type=pdf,5,,,,0.166666667
South and South East Asia,Country members of the Regional Wood Energy Development Programme in Asia,"Bangladesh, Bhutan, Cambodia, China, India, India, Indonesia, Laos, Malaysia, maldives, Myanmar, Nepal, Pakistan, Sri Lanka, Thailand, Vietnam. ",Cow pea,Crop product,Cow Pea,"Ryan ea '91
","Koopmans and Koppejan (2008) Agricultural and forest residues-generation, utilization and availability. ",http://citeseerx.ist.psu.edu/viewdoc/download?doi=10.1.1.469.3270&rep=rep1&type=pdf,2.9,,,,0.256410256
South and South East Asia,Country members of the Regional Wood Energy Development Programme in Asia,"Bangladesh, Bhutan, Cambodia, China, India, India, Indonesia, Laos, Malaysia, maldives, Myanmar, Nepal, Pakistan, Sri Lanka, Thailand, Vietnam. ",Cow pea,Crop product,Cow Pea,Barnard ea '85,"Koopmans and Koppejan (2008) Agricultural and forest residues-generation, utilization and availability. ",http://citeseerx.ist.psu.edu/viewdoc/download?doi=10.1.1.469.3270&rep=rep1&type=pdf,2.9,,,,0.256410256
South and South East Asia,Country members of the Regional Wood Energy Development Programme in Asia,"Bangladesh, Bhutan, Cambodia, China, India, India, Indonesia, Laos, Malaysia, maldives, Myanmar, Nepal, Pakistan, Sri Lanka, Thailand, Vietnam. ",Coconut,Husk,Coconut Husk,Bhushan '77,"Koopmans and Koppejan (2008) Agricultural and forest residues-generation, utilization and availability. ",http://citeseerx.ist.psu.edu/viewdoc/download?doi=10.1.1.469.3270&rep=rep1&type=pdf,0.525,,,,0.655737705
South and South East Asia,Country members of the Regional Wood Energy Development Programme in Asia,"Bangladesh, Bhutan, Cambodia, China, India, India, Indonesia, Laos, Malaysia, maldives, Myanmar, Nepal, Pakistan, Sri Lanka, Thailand, Vietnam. ",Coconut,Husk,Coconut Husk,Bhattacharya ea '93,"Koopmans and Koppejan (2008) Agricultural and forest residues-generation, utilization and availability. ",http://citeseerx.ist.psu.edu/viewdoc/download?doi=10.1.1.469.3270&rep=rep1&type=pdf,0.419,10.3,47.34,,0.704721635
South and South East Asia,Country members of the Regional Wood Energy Development Programme in Asia,"Bangladesh, Bhutan, Cambodia, China, India, India, Indonesia, Laos, Malaysia, maldives, Myanmar, Nepal, Pakistan, Sri Lanka, Thailand, Vietnam. ",Coconut,Husk,Coconut Husk,Ryan ea '91,"Koopmans and Koppejan (2008) Agricultural and forest residues-generation, utilization and availability. ",http://citeseerx.ist.psu.edu/viewdoc/download?doi=10.1.1.469.3270&rep=rep1&type=pdf,1.6,,,,0.384615385
South and South East Asia,Country members of the Regional Wood Energy Development Programme in Asia,"Bangladesh, Bhutan, Cambodia, China, India, India, Indonesia, Laos, Malaysia, maldives, Myanmar, Nepal, Pakistan, Sri Lanka, Thailand, Vietnam. ",Coconut,Shell,Coconut Shell,Webb '79,"Koopmans and Koppejan (2008) Agricultural and forest residues-generation, utilization and availability. ",http://citeseerx.ist.psu.edu/viewdoc/download?doi=10.1.1.469.3270&rep=rep1&type=pdf,0.438,13,,,0.695410292
South and South East Asia,Country members of the Regional Wood Energy Development Programme in Asia,"Bangladesh, Bhutan, Cambodia, China, India, India, Indonesia, Laos, Malaysia, maldives, Myanmar, Nepal, Pakistan, Sri Lanka, Thailand, Vietnam. ",Coconut,Shell,Coconut Shell,Barnard ea '85,"Koopmans and Koppejan (2008) Agricultural and forest residues-generation, utilization and availability. ",http://citeseerx.ist.psu.edu/viewdoc/download?doi=10.1.1.469.3270&rep=rep1&type=pdf,0.9,,,,0.526315789
South and South East Asia,Country members of the Regional Wood Energy Development Programme in Asia,"Bangladesh, Bhutan, Cambodia, China, India, India, Indonesia, Laos, Malaysia, maldives, Myanmar, Nepal, Pakistan, Sri Lanka, Thailand, Vietnam. ",Coconut,Shell,Coconut Shell,Ryan ea '91,"Koopmans and Koppejan (2008) Agricultural and forest residues-generation, utilization and availability. ",http://citeseerx.ist.psu.edu/viewdoc/download?doi=10.1.1.469.3270&rep=rep1&type=pdf,0.65,,,,0.606060606
South and South East Asia,Country members of the Regional Wood Energy Development Programme in Asia,"Bangladesh, Bhutan, Cambodia, China, India, India, Indonesia, Laos, Malaysia, maldives, Myanmar, Nepal, Pakistan, Sri Lanka, Thailand, Vietnam. ",Coconut,Shell,Coconut Shell,Bhattacharya ea '93,"Koopmans and Koppejan (2008) Agricultural and forest residues-generation, utilization and availability. ",http://citeseerx.ist.psu.edu/viewdoc/download?doi=10.1.1.469.3270&rep=rep1&type=pdf,0.12,8.7,46.7,,0.892857143
South and South East Asia,Country members of the Regional Wood Energy Development Programme in Asia,"Bangladesh, Bhutan, Cambodia, China, India, India, Indonesia, Laos, Malaysia, maldives, Myanmar, Nepal, Pakistan, Sri Lanka, Thailand, Vietnam. ",Oil palm,Shell,Oil Palm Shell,Bhushan '77,"Koopmans and Koppejan (2008) Agricultural and forest residues-generation, utilization and availability. ",http://citeseerx.ist.psu.edu/viewdoc/download?doi=10.1.1.469.3270&rep=rep1&type=pdf,0.075,6,20,,0.930232558
South and South East Asia,Country members of the Regional Wood Energy Development Programme in Asia,"Bangladesh, Bhutan, Cambodia, China, India, India, Indonesia, Laos, Malaysia, maldives, Myanmar, Nepal, Pakistan, Sri Lanka, Thailand, Vietnam. ",Oil palm,Shell,Oil Palm Shell,Webb '79,"Koopmans and Koppejan (2008) Agricultural and forest residues-generation, utilization and availability. ",http://citeseerx.ist.psu.edu/viewdoc/download?doi=10.1.1.469.3270&rep=rep1&type=pdf,0.047,6,,,0.955109838
South and South East Asia,Country members of the Regional Wood Energy Development Programme in Asia,"Bangladesh, Bhutan, Cambodia, China, India, India, Indonesia, Laos, Malaysia, maldives, Myanmar, Nepal, Pakistan, Sri Lanka, Thailand, Vietnam. ",Oil palm,Shell,Oil Palm Shell,Ma & Ong '86,"Koopmans and Koppejan (2008) Agricultural and forest residues-generation, utilization and availability. ",http://citeseerx.ist.psu.edu/viewdoc/download?doi=10.1.1.469.3270&rep=rep1&type=pdf,0.065,10,,,0.938967136
South and South East Asia,Country members of the Regional Wood Energy Development Programme in Asia,"Bangladesh, Bhutan, Cambodia, China, India, India, Indonesia, Laos, Malaysia, maldives, Myanmar, Nepal, Pakistan, Sri Lanka, Thailand, Vietnam. ",Oil palm,Fibre,Oil Palm Fibre,Bhushan '77,"Koopmans and Koppejan (2008) Agricultural and forest residues-generation, utilization and availability. ",http://citeseerx.ist.psu.edu/viewdoc/download?doi=10.1.1.469.3270&rep=rep1&type=pdf,0.13,35,,,0.884955752
South and South East Asia,Country members of the Regional Wood Energy Development Programme in Asia,"Bangladesh, Bhutan, Cambodia, China, India, India, Indonesia, Laos, Malaysia, maldives, Myanmar, Nepal, Pakistan, Sri Lanka, Thailand, Vietnam. ",Oil palm,Fibre,Oil Palm Fibre,Webb '79,"Koopmans and Koppejan (2008) Agricultural and forest residues-generation, utilization and availability. ",http://citeseerx.ist.psu.edu/viewdoc/download?doi=10.1.1.469.3270&rep=rep1&type=pdf,0.122,20,,,0.891265597
South and South East Asia,Country members of the Regional Wood Energy Development Programme in Asia,"Bangladesh, Bhutan, Cambodia, China, India, India, Indonesia, Laos, Malaysia, maldives, Myanmar, Nepal, Pakistan, Sri Lanka, Thailand, Vietnam. ",Oil palm,Fibre,Oil Palm Fibre,Ma & Ong '85,"Koopmans and Koppejan (2008) Agricultural and forest residues-generation, utilization and availability. ",http://citeseerx.ist.psu.edu/viewdoc/download?doi=10.1.1.469.3270&rep=rep1&type=pdf,0.13,40,,,0.884955752
South and South East Asia,Country members of the Regional Wood Energy Development Programme in Asia,"Bangladesh, Bhutan, Cambodia, China, India, India, Indonesia, Laos, Malaysia, maldives, Myanmar, Nepal, Pakistan, Sri Lanka, Thailand, Vietnam. ",Oil palm,Empty bunches,Oil Palm Empty Bunches,Bhushan '77,"Koopmans and Koppejan (2008) Agricultural and forest residues-generation, utilization and availability. ",http://citeseerx.ist.psu.edu/viewdoc/download?doi=10.1.1.469.3270&rep=rep1&type=pdf,0.26,29.6,,,0.793650794
South and South East Asia,Country members of the Regional Wood Energy Development Programme in Asia,"Bangladesh, Bhutan, Cambodia, China, India, India, Indonesia, Laos, Malaysia, maldives, Myanmar, Nepal, Pakistan, Sri Lanka, Thailand, Vietnam. ",Oil palm,Empty bunches,Oil Palm Empty Bunches,Webb '79,"Koopmans and Koppejan (2008) Agricultural and forest residues-generation, utilization and availability. ",http://citeseerx.ist.psu.edu/viewdoc/download?doi=10.1.1.469.3270&rep=rep1&type=pdf,0.24,60,,,0.806451613
South and South East Asia,Country members of the Regional Wood Energy Development Programme in Asia,"Bangladesh, Bhutan, Cambodia, China, India, India, Indonesia, Laos, Malaysia, maldives, Myanmar, Nepal, Pakistan, Sri Lanka, Thailand, Vietnam. ",Oil palm,Empty bunches,Oil Palm Empty Bunches,Ma & Ong '85,"Koopmans and Koppejan (2008) Agricultural and forest residues-generation, utilization and availability. ",http://citeseerx.ist.psu.edu/viewdoc/download?doi=10.1.1.469.3270&rep=rep1&type=pdf,0.23,50,,,0.81300813
South and South East Asia,Country members of the Regional Wood Energy Development Programme in Asia,"Bangladesh, Bhutan, Cambodia, China, India, India, Indonesia, Laos, Malaysia, maldives, Myanmar, Nepal, Pakistan, Sri Lanka, Thailand, Vietnam. ",Coffee,Husks,Coffee Husks,Bhattacharya ea '93,"Koopmans and Koppejan (2008) Agricultural and forest residues-generation, utilization and availability. ",http://citeseerx.ist.psu.edu/viewdoc/download?doi=10.1.1.469.3270&rep=rep1&type=pdf,21,15,42.55,,0.045454545
