Region,Original_crop_category,Original_crop,Crop_component,Dry_wt._lb_bushel,Typical_yield_per_acre_plant_part,N_pc_DM,P_pc_DM,K_pc_DM,Ca_pc_DM,Mg_pc_DM,S_pc_DM,Cu_pc_DM,Mn_pc_DM,Zn_pc_DM,Primary_reference_of_dataset,Reference_where_data_were_collated,Website_of_source_of_collated_data
United States of America,Grain crops,Barley,Crop_products,48,50 bu,1.82,0.34,0.43,0.05,0.1,0.16,0.0016,0.0016,0.0031,"Kilmer 1982; Morrison
1956; Sanchez 1976; USDA 1985","USDA (2009) Chapter 6 Role of Plants in Waster Management in the Agricultural Waster Management Handbook available at:  https://directives.sc.egov.usda.gov/OpenNonWebContent.aspx?content=6621.wba#:~:text=Plants%20absorb%20the%20nutrients%20in,of%20today's%20water%20quality%20concerns.","https://directives.sc.egov.usda.gov/OpenNonWebContent.aspx?content=6621.wba#:~:text=Plants%20absorb%20the%20nutrients%20in,of%20today's%20water%20quality%20concerns."
United States of America,Grain crops,Barley,Crop_residues,,1 T. straw,0.75,0.11,1.25,0.4,0.1,0.2,0.0005,0.016,0.0025,"Kilmer 1982; Morrison
1956; Sanchez 1976; USDA 1985","USDA (2009) Chapter 6 Role of Plants in Waster Management in the Agricultural Waster Management Handbook available at:  https://directives.sc.egov.usda.gov/OpenNonWebContent.aspx?content=6621.wba#:~:text=Plants%20absorb%20the%20nutrients%20in,of%20today's%20water%20quality%20concerns.","https://directives.sc.egov.usda.gov/OpenNonWebContent.aspx?content=6621.wba#:~:text=Plants%20absorb%20the%20nutrients%20in,of%20today's%20water%20quality%20concerns."
United States of America,Grain crops,Buckwheat,Crop_products,48,30 bu,1.65,0.31,0.45,0.09,,,0.0009,0.0034,,"Kilmer 1982; Morrison
1956; Sanchez 1976; USDA 1985","USDA (2009) Chapter 6 Role of Plants in Waster Management in the Agricultural Waster Management Handbook available at:  https://directives.sc.egov.usda.gov/OpenNonWebContent.aspx?content=6621.wba#:~:text=Plants%20absorb%20the%20nutrients%20in,of%20today's%20water%20quality%20concerns.","https://directives.sc.egov.usda.gov/OpenNonWebContent.aspx?content=6621.wba#:~:text=Plants%20absorb%20the%20nutrients%20in,of%20today's%20water%20quality%20concerns."
United States of America,Grain crops,Buckwheat,Crop_residues,,0.5 T. straw,0.78,0.05,2.26,1.4,,0.01,,,,"Kilmer 1982; Morrison
1956; Sanchez 1976; USDA 1985","USDA (2009) Chapter 6 Role of Plants in Waster Management in the Agricultural Waster Management Handbook available at:  https://directives.sc.egov.usda.gov/OpenNonWebContent.aspx?content=6621.wba#:~:text=Plants%20absorb%20the%20nutrients%20in,of%20today's%20water%20quality%20concerns.","https://directives.sc.egov.usda.gov/OpenNonWebContent.aspx?content=6621.wba#:~:text=Plants%20absorb%20the%20nutrients%20in,of%20today's%20water%20quality%20concerns."
United States of America,Grain crops,Corn,Crop_products,56,120 bu,1.61,0.28,0.4,0.02,0.1,0.12,0.0007,0.0011,0.0018,"Kilmer 1982; Morrison
1956; Sanchez 1976; USDA 1985","USDA (2009) Chapter 6 Role of Plants in Waster Management in the Agricultural Waster Management Handbook available at:  https://directives.sc.egov.usda.gov/OpenNonWebContent.aspx?content=6621.wba#:~:text=Plants%20absorb%20the%20nutrients%20in,of%20today's%20water%20quality%20concerns.","https://directives.sc.egov.usda.gov/OpenNonWebContent.aspx?content=6621.wba#:~:text=Plants%20absorb%20the%20nutrients%20in,of%20today's%20water%20quality%20concerns."
United States of America,Grain crops,Corn,Crop_residues,,4.5 T. stover,1.11,0.2,1.34,0.29,0.22,0.16,0.0005,0.0166,0.0033,"Kilmer 1982; Morrison
1956; Sanchez 1976; USDA 1985","USDA (2009) Chapter 6 Role of Plants in Waster Management in the Agricultural Waster Management Handbook available at:  https://directives.sc.egov.usda.gov/OpenNonWebContent.aspx?content=6621.wba#:~:text=Plants%20absorb%20the%20nutrients%20in,of%20today's%20water%20quality%20concerns.","https://directives.sc.egov.usda.gov/OpenNonWebContent.aspx?content=6621.wba#:~:text=Plants%20absorb%20the%20nutrients%20in,of%20today's%20water%20quality%20concerns."
United States of America,Grain crops,Oats,Crop_products,32,80 bu,1.95,0.34,0.49,0.08,0.12,0.2,0.0012,0.0047,0.002,"Kilmer 1982; Morrison
1956; Sanchez 1976; USDA 1985","USDA (2009) Chapter 6 Role of Plants in Waster Management in the Agricultural Waster Management Handbook available at:  https://directives.sc.egov.usda.gov/OpenNonWebContent.aspx?content=6621.wba#:~:text=Plants%20absorb%20the%20nutrients%20in,of%20today's%20water%20quality%20concerns.","https://directives.sc.egov.usda.gov/OpenNonWebContent.aspx?content=6621.wba#:~:text=Plants%20absorb%20the%20nutrients%20in,of%20today's%20water%20quality%20concerns."
United States of America,Grain crops,Oats,Crop_residues,,2 T. straw,0.63,0.16,1.66,0.2,0.2,0.23,0.0008,0.003,0.0072,"Kilmer 1982; Morrison
1956; Sanchez 1976; USDA 1985","USDA (2009) Chapter 6 Role of Plants in Waster Management in the Agricultural Waster Management Handbook available at:  https://directives.sc.egov.usda.gov/OpenNonWebContent.aspx?content=6621.wba#:~:text=Plants%20absorb%20the%20nutrients%20in,of%20today's%20water%20quality%20concerns.","https://directives.sc.egov.usda.gov/OpenNonWebContent.aspx?content=6621.wba#:~:text=Plants%20absorb%20the%20nutrients%20in,of%20today's%20water%20quality%20concerns."
United States of America,Grain crops,Rice,Crop_products,45,"5,500 lb",1.39,0.24,0.23,0.08,0.11,0.08,0.003,0.0022,0.0019,"Kilmer 1982; Morrison
1956; Sanchez 1976; USDA 1985","USDA (2009) Chapter 6 Role of Plants in Waster Management in the Agricultural Waster Management Handbook available at:  https://directives.sc.egov.usda.gov/OpenNonWebContent.aspx?content=6621.wba#:~:text=Plants%20absorb%20the%20nutrients%20in,of%20today's%20water%20quality%20concerns.","https://directives.sc.egov.usda.gov/OpenNonWebContent.aspx?content=6621.wba#:~:text=Plants%20absorb%20the%20nutrients%20in,of%20today's%20water%20quality%20concerns."
United States of America,Grain crops,Rice,Crop_residues,,2.5 T. straw,0.6,0.09,1.16,0.18,0.1,,,0.0316,,"Kilmer 1982; Morrison
1956; Sanchez 1976; USDA 1985","USDA (2009) Chapter 6 Role of Plants in Waster Management in the Agricultural Waster Management Handbook available at:  https://directives.sc.egov.usda.gov/OpenNonWebContent.aspx?content=6621.wba#:~:text=Plants%20absorb%20the%20nutrients%20in,of%20today's%20water%20quality%20concerns.","https://directives.sc.egov.usda.gov/OpenNonWebContent.aspx?content=6621.wba#:~:text=Plants%20absorb%20the%20nutrients%20in,of%20today's%20water%20quality%20concerns."
United States of America,Grain crops,Rye,Crop_products,56,30 bu,2.08,0.26,0.49,0.12,0.18,0.42,0.0012,0.0131,0.0018,"Kilmer 1982; Morrison
1956; Sanchez 1976; USDA 1985","USDA (2009) Chapter 6 Role of Plants in Waster Management in the Agricultural Waster Management Handbook available at:  https://directives.sc.egov.usda.gov/OpenNonWebContent.aspx?content=6621.wba#:~:text=Plants%20absorb%20the%20nutrients%20in,of%20today's%20water%20quality%20concerns.","https://directives.sc.egov.usda.gov/OpenNonWebContent.aspx?content=6621.wba#:~:text=Plants%20absorb%20the%20nutrients%20in,of%20today's%20water%20quality%20concerns."
United States of America,Grain crops,Rye,Crop_residues,,1.5 T. straw,0.5,0.12,0.69,0.27,0.07,0.1,0.03,0.0047,0.0023,"Kilmer 1982; Morrison
1956; Sanchez 1976; USDA 1985","USDA (2009) Chapter 6 Role of Plants in Waster Management in the Agricultural Waster Management Handbook available at:  https://directives.sc.egov.usda.gov/OpenNonWebContent.aspx?content=6621.wba#:~:text=Plants%20absorb%20the%20nutrients%20in,of%20today's%20water%20quality%20concerns.","https://directives.sc.egov.usda.gov/OpenNonWebContent.aspx?content=6621.wba#:~:text=Plants%20absorb%20the%20nutrients%20in,of%20today's%20water%20quality%20concerns."
United States of America,Grain crops,Sorghum,Crop_products,56,60 bu,1.67,0.36,0.42,0.13,0.17,0.17,0.0003,0.0013,0.0013,"Kilmer 1982; Morrison
1956; Sanchez 1976; USDA 1985","USDA (2009) Chapter 6 Role of Plants in Waster Management in the Agricultural Waster Management Handbook available at:  https://directives.sc.egov.usda.gov/OpenNonWebContent.aspx?content=6621.wba#:~:text=Plants%20absorb%20the%20nutrients%20in,of%20today's%20water%20quality%20concerns.","https://directives.sc.egov.usda.gov/OpenNonWebContent.aspx?content=6621.wba#:~:text=Plants%20absorb%20the%20nutrients%20in,of%20today's%20water%20quality%20concerns."
United States of America,Grain crops,Sorghum,Crop_residues,,3 T. stover,1.08,0.15,1.31,0.48,0.3,0.13,,0.0116,,"Kilmer 1982; Morrison
1956; Sanchez 1976; USDA 1985","USDA (2009) Chapter 6 Role of Plants in Waster Management in the Agricultural Waster Management Handbook available at:  https://directives.sc.egov.usda.gov/OpenNonWebContent.aspx?content=6621.wba#:~:text=Plants%20absorb%20the%20nutrients%20in,of%20today's%20water%20quality%20concerns.","https://directives.sc.egov.usda.gov/OpenNonWebContent.aspx?content=6621.wba#:~:text=Plants%20absorb%20the%20nutrients%20in,of%20today's%20water%20quality%20concerns."
United States of America,Grain crops,Wheat,Crop_products,60,40 bu,2.08,0.62,0.52,0.04,0.25,0.13,0.0013,0.0038,0.0058,"Kilmer 1982; Morrison
1956; Sanchez 1976; USDA 1985","USDA (2009) Chapter 6 Role of Plants in Waster Management in the Agricultural Waster Management Handbook available at:  https://directives.sc.egov.usda.gov/OpenNonWebContent.aspx?content=6621.wba#:~:text=Plants%20absorb%20the%20nutrients%20in,of%20today's%20water%20quality%20concerns.","https://directives.sc.egov.usda.gov/OpenNonWebContent.aspx?content=6621.wba#:~:text=Plants%20absorb%20the%20nutrients%20in,of%20today's%20water%20quality%20concerns."
United States of America,Grain crops,Wheat,Crop_residues,,1.5 T. straw,0.67,0.07,0.97,0.2,0.1,0.17,0.0003,0.0053,0.0017,"Kilmer 1982; Morrison
1956; Sanchez 1976; USDA 1985","USDA (2009) Chapter 6 Role of Plants in Waster Management in the Agricultural Waster Management Handbook available at:  https://directives.sc.egov.usda.gov/OpenNonWebContent.aspx?content=6621.wba#:~:text=Plants%20absorb%20the%20nutrients%20in,of%20today's%20water%20quality%20concerns.","https://directives.sc.egov.usda.gov/OpenNonWebContent.aspx?content=6621.wba#:~:text=Plants%20absorb%20the%20nutrients%20in,of%20today's%20water%20quality%20concerns."
United States of America,Oil crops,Flax,Crop_products,56,15 bu,4.09,0.55,0.84,0.23,0.43,0.25,,0.0061,,"Kilmer 1982; Morrison
1956; Sanchez 1976; USDA 1985","USDA (2009) Chapter 6 Role of Plants in Waster Management in the Agricultural Waster Management Handbook available at:  https://directives.sc.egov.usda.gov/OpenNonWebContent.aspx?content=6621.wba#:~:text=Plants%20absorb%20the%20nutrients%20in,of%20today's%20water%20quality%20concerns.","https://directives.sc.egov.usda.gov/OpenNonWebContent.aspx?content=6621.wba#:~:text=Plants%20absorb%20the%20nutrients%20in,of%20today's%20water%20quality%20concerns."
United States of America,Oil crops,Flax,Crop_residues,,1.75 T. straw,1.24,0.11,1.75,0.72,0.31,0.27,,,,"Kilmer 1982; Morrison
1956; Sanchez 1976; USDA 1985","USDA (2009) Chapter 6 Role of Plants in Waster Management in the Agricultural Waster Management Handbook available at:  https://directives.sc.egov.usda.gov/OpenNonWebContent.aspx?content=6621.wba#:~:text=Plants%20absorb%20the%20nutrients%20in,of%20today's%20water%20quality%20concerns.","https://directives.sc.egov.usda.gov/OpenNonWebContent.aspx?content=6621.wba#:~:text=Plants%20absorb%20the%20nutrients%20in,of%20today's%20water%20quality%20concerns."
United States of America,Oil crops,Oil palm,Crop_products,,"22,000 lb",1.13,0.26,0.16,0.19,0.09,,0.0043,0.0225,,"Kilmer 1982; Morrison
1956; Sanchez 1976; USDA 1985","USDA (2009) Chapter 6 Role of Plants in Waster Management in the Agricultural Waster Management Handbook available at:  https://directives.sc.egov.usda.gov/OpenNonWebContent.aspx?content=6621.wba#:~:text=Plants%20absorb%20the%20nutrients%20in,of%20today's%20water%20quality%20concerns.","https://directives.sc.egov.usda.gov/OpenNonWebContent.aspx?content=6621.wba#:~:text=Plants%20absorb%20the%20nutrients%20in,of%20today's%20water%20quality%20concerns."
United States of America,Oil crops,Oil palm,Crop_residues,,5 T. fronds & stems,1.07,0.49,1.69,,0.36,,,,,"Kilmer 1982; Morrison
1956; Sanchez 1976; USDA 1985","USDA (2009) Chapter 6 Role of Plants in Waster Management in the Agricultural Waster Management Handbook available at:  https://directives.sc.egov.usda.gov/OpenNonWebContent.aspx?content=6621.wba#:~:text=Plants%20absorb%20the%20nutrients%20in,of%20today's%20water%20quality%20concerns.","https://directives.sc.egov.usda.gov/OpenNonWebContent.aspx?content=6621.wba#:~:text=Plants%20absorb%20the%20nutrients%20in,of%20today's%20water%20quality%20concerns."
United States of America,Oil crops,Peanuts,Crop_products,22-30,"2,800 lb",3.6,0.17,0.5,0.04,0.12,0.24,0.0008,0.004,,"Kilmer 1982; Morrison
1956; Sanchez 1976; USDA 1985","USDA (2009) Chapter 6 Role of Plants in Waster Management in the Agricultural Waster Management Handbook available at:  https://directives.sc.egov.usda.gov/OpenNonWebContent.aspx?content=6621.wba#:~:text=Plants%20absorb%20the%20nutrients%20in,of%20today's%20water%20quality%20concerns.","https://directives.sc.egov.usda.gov/OpenNonWebContent.aspx?content=6621.wba#:~:text=Plants%20absorb%20the%20nutrients%20in,of%20today's%20water%20quality%20concerns."
United States of America,Oil crops,Peanuts,Crop_residues,,2.2 T. vines,2.33,0.24,1.75,1,0.38,0.36,,0.0051,,"Kilmer 1982; Morrison
1956; Sanchez 1976; USDA 1985","USDA (2009) Chapter 6 Role of Plants in Waster Management in the Agricultural Waster Management Handbook available at:  https://directives.sc.egov.usda.gov/OpenNonWebContent.aspx?content=6621.wba#:~:text=Plants%20absorb%20the%20nutrients%20in,of%20today's%20water%20quality%20concerns.","https://directives.sc.egov.usda.gov/OpenNonWebContent.aspx?content=6621.wba#:~:text=Plants%20absorb%20the%20nutrients%20in,of%20today's%20water%20quality%20concerns."
United States of America,Oil crops,Rapeseed,Crop_products,50,35 bu,3.6,0.79,0.76,,0.66,,,,,"Kilmer 1982; Morrison
1956; Sanchez 1976; USDA 1985","USDA (2009) Chapter 6 Role of Plants in Waster Management in the Agricultural Waster Management Handbook available at:  https://directives.sc.egov.usda.gov/OpenNonWebContent.aspx?content=6621.wba#:~:text=Plants%20absorb%20the%20nutrients%20in,of%20today's%20water%20quality%20concerns.","https://directives.sc.egov.usda.gov/OpenNonWebContent.aspx?content=6621.wba#:~:text=Plants%20absorb%20the%20nutrients%20in,of%20today's%20water%20quality%20concerns."
United States of America,Oil crops,Rapeseed,Crop_residues,,3 T. straw,4.48,0.43,3.37,1.47,0.06,0.68,0.0001,0.0008,,"Kilmer 1982; Morrison
1956; Sanchez 1976; USDA 1985","USDA (2009) Chapter 6 Role of Plants in Waster Management in the Agricultural Waster Management Handbook available at:  https://directives.sc.egov.usda.gov/OpenNonWebContent.aspx?content=6621.wba#:~:text=Plants%20absorb%20the%20nutrients%20in,of%20today's%20water%20quality%20concerns.","https://directives.sc.egov.usda.gov/OpenNonWebContent.aspx?content=6621.wba#:~:text=Plants%20absorb%20the%20nutrients%20in,of%20today's%20water%20quality%20concerns."
United States of America,Oil crops,Soybeans,Crop_products,60,35 bu,6.25,0.64,1.9,0.29,0.29,0.17,0.0017,0.0021,0.0017,"Kilmer 1982; Morrison
1956; Sanchez 1976; USDA 1985","USDA (2009) Chapter 6 Role of Plants in Waster Management in the Agricultural Waster Management Handbook available at:  https://directives.sc.egov.usda.gov/OpenNonWebContent.aspx?content=6621.wba#:~:text=Plants%20absorb%20the%20nutrients%20in,of%20today's%20water%20quality%20concerns.","https://directives.sc.egov.usda.gov/OpenNonWebContent.aspx?content=6621.wba#:~:text=Plants%20absorb%20the%20nutrients%20in,of%20today's%20water%20quality%20concerns."
United States of America,Oil crops,Soybeans,Crop_residues,,2 T. stover,2.25,0.22,1.04,1,0.45,0.25,0.001,0.0115,0.0038,"Kilmer 1982; Morrison
1956; Sanchez 1976; USDA 1985","USDA (2009) Chapter 6 Role of Plants in Waster Management in the Agricultural Waster Management Handbook available at:  https://directives.sc.egov.usda.gov/OpenNonWebContent.aspx?content=6621.wba#:~:text=Plants%20absorb%20the%20nutrients%20in,of%20today's%20water%20quality%20concerns.","https://directives.sc.egov.usda.gov/OpenNonWebContent.aspx?content=6621.wba#:~:text=Plants%20absorb%20the%20nutrients%20in,of%20today's%20water%20quality%20concerns."
United States of America,Oil crops,Sunflower,Crop_products,25,"1,100 lb",3.57,1.71,1.11,0.18,0.34,0.17,,0.0022,,"Kilmer 1982; Morrison
1956; Sanchez 1976; USDA 1985","USDA (2009) Chapter 6 Role of Plants in Waster Management in the Agricultural Waster Management Handbook available at:  https://directives.sc.egov.usda.gov/OpenNonWebContent.aspx?content=6621.wba#:~:text=Plants%20absorb%20the%20nutrients%20in,of%20today's%20water%20quality%20concerns.","https://directives.sc.egov.usda.gov/OpenNonWebContent.aspx?content=6621.wba#:~:text=Plants%20absorb%20the%20nutrients%20in,of%20today's%20water%20quality%20concerns."
United States of America,Oil crops,Sunflower,Crop_residues,,4 T. stover,1.5,0.18,2.92,1.73,0.09,0.04,,0.0241,,"Kilmer 1982; Morrison
1956; Sanchez 1976; USDA 1985","USDA (2009) Chapter 6 Role of Plants in Waster Management in the Agricultural Waster Management Handbook available at:  https://directives.sc.egov.usda.gov/OpenNonWebContent.aspx?content=6621.wba#:~:text=Plants%20absorb%20the%20nutrients%20in,of%20today's%20water%20quality%20concerns.","https://directives.sc.egov.usda.gov/OpenNonWebContent.aspx?content=6621.wba#:~:text=Plants%20absorb%20the%20nutrients%20in,of%20today's%20water%20quality%20concerns."
United States of America,Fiber crops,Cotton,Crop_products,,"600 lb. lint & 1,000 lb seeds",2.67,0.58,0.83,0.13,0.27,0.2,0.004,0.0073,0.0213,"Kilmer 1982; Morrison
1956; Sanchez 1976; USDA 1985","USDA (2009) Chapter 6 Role of Plants in Waster Management in the Agricultural Waster Management Handbook available at:  https://directives.sc.egov.usda.gov/OpenNonWebContent.aspx?content=6621.wba#:~:text=Plants%20absorb%20the%20nutrients%20in,of%20today's%20water%20quality%20concerns.","https://directives.sc.egov.usda.gov/OpenNonWebContent.aspx?content=6621.wba#:~:text=Plants%20absorb%20the%20nutrients%20in,of%20today's%20water%20quality%20concerns."
United States of America,Fiber crops,Cotton,Crop_residues,,burs & stalks,1.75,0.22,1.45,1.4,0.4,0.75,,,,"Kilmer 1982; Morrison
1956; Sanchez 1976; USDA 1985","USDA (2009) Chapter 6 Role of Plants in Waster Management in the Agricultural Waster Management Handbook available at:  https://directives.sc.egov.usda.gov/OpenNonWebContent.aspx?content=6621.wba#:~:text=Plants%20absorb%20the%20nutrients%20in,of%20today's%20water%20quality%20concerns.","https://directives.sc.egov.usda.gov/OpenNonWebContent.aspx?content=6621.wba#:~:text=Plants%20absorb%20the%20nutrients%20in,of%20today's%20water%20quality%20concerns."
United States of America,Fiber crops,Pulpwood,Crop_products,,98 cords,0.12,0.02,0.06,,0.02,,,,,"Kilmer 1982; Morrison
1956; Sanchez 1976; USDA 1985","USDA (2009) Chapter 6 Role of Plants in Waster Management in the Agricultural Waster Management Handbook available at:  https://directives.sc.egov.usda.gov/OpenNonWebContent.aspx?content=6621.wba#:~:text=Plants%20absorb%20the%20nutrients%20in,of%20today's%20water%20quality%20concerns.","https://directives.sc.egov.usda.gov/OpenNonWebContent.aspx?content=6621.wba#:~:text=Plants%20absorb%20the%20nutrients%20in,of%20today's%20water%20quality%20concerns."
United States of America,Fiber crops,Pulpwood,Crop_residues,,"bark, branches",0.12,0.02,0.06,,0.02,,,,,"Kilmer 1982; Morrison
1956; Sanchez 1976; USDA 1985","USDA (2009) Chapter 6 Role of Plants in Waster Management in the Agricultural Waster Management Handbook available at:  https://directives.sc.egov.usda.gov/OpenNonWebContent.aspx?content=6621.wba#:~:text=Plants%20absorb%20the%20nutrients%20in,of%20today's%20water%20quality%20concerns.","https://directives.sc.egov.usda.gov/OpenNonWebContent.aspx?content=6621.wba#:~:text=Plants%20absorb%20the%20nutrients%20in,of%20today's%20water%20quality%20concerns."
United States of America,Forage crops,Alfalfa,Crop_products,,4 tons,2.25,0.22,1.87,1.4,0.26,0.24,0.0008,0.0055,0.0053,"Kilmer 1982; Morrison
1956; Sanchez 1976; USDA 1985","USDA (2009) Chapter 6 Role of Plants in Waster Management in the Agricultural Waster Management Handbook available at:  https://directives.sc.egov.usda.gov/OpenNonWebContent.aspx?content=6621.wba#:~:text=Plants%20absorb%20the%20nutrients%20in,of%20today's%20water%20quality%20concerns.","https://directives.sc.egov.usda.gov/OpenNonWebContent.aspx?content=6621.wba#:~:text=Plants%20absorb%20the%20nutrients%20in,of%20today's%20water%20quality%20concerns."
United States of America,Forage crops,Bahiagrass,Crop_products,,3 tons,1.27,0.13,1.73,0.43,0.25,0.19,,,,"Kilmer 1982; Morrison
1956; Sanchez 1976; USDA 1985","USDA (2009) Chapter 6 Role of Plants in Waster Management in the Agricultural Waster Management Handbook available at:  https://directives.sc.egov.usda.gov/OpenNonWebContent.aspx?content=6621.wba#:~:text=Plants%20absorb%20the%20nutrients%20in,of%20today's%20water%20quality%20concerns.","https://directives.sc.egov.usda.gov/OpenNonWebContent.aspx?content=6621.wba#:~:text=Plants%20absorb%20the%20nutrients%20in,of%20today's%20water%20quality%20concerns."
United States of America,Forage crops,Big bluestem,Crop_products,,3 tons,0.99,0.85,1.75,,0.2,,,,,"Kilmer 1982; Morrison
1956; Sanchez 1976; USDA 1985","USDA (2009) Chapter 6 Role of Plants in Waster Management in the Agricultural Waster Management Handbook available at:  https://directives.sc.egov.usda.gov/OpenNonWebContent.aspx?content=6621.wba#:~:text=Plants%20absorb%20the%20nutrients%20in,of%20today's%20water%20quality%20concerns.","https://directives.sc.egov.usda.gov/OpenNonWebContent.aspx?content=6621.wba#:~:text=Plants%20absorb%20the%20nutrients%20in,of%20today's%20water%20quality%20concerns."
United States of America,Forage crops,Birdsfoot trefoil,Crop_products,,3 tons,2.49,0.22,1.82,1.75,0.4,,,,,"Kilmer 1982; Morrison
1956; Sanchez 1976; USDA 1985","USDA (2009) Chapter 6 Role of Plants in Waster Management in the Agricultural Waster Management Handbook available at:  https://directives.sc.egov.usda.gov/OpenNonWebContent.aspx?content=6621.wba#:~:text=Plants%20absorb%20the%20nutrients%20in,of%20today's%20water%20quality%20concerns.","https://directives.sc.egov.usda.gov/OpenNonWebContent.aspx?content=6621.wba#:~:text=Plants%20absorb%20the%20nutrients%20in,of%20today's%20water%20quality%20concerns."
United States of America,Forage crops,Bluegrass-pastd.,Crop_products,,2 tons,2.91,0.43,1.95,0.53,0.23,0.66,0.0014,0.0075,0.002,"Kilmer 1982; Morrison
1956; Sanchez 1976; USDA 1985","USDA (2009) Chapter 6 Role of Plants in Waster Management in the Agricultural Waster Management Handbook available at:  https://directives.sc.egov.usda.gov/OpenNonWebContent.aspx?content=6621.wba#:~:text=Plants%20absorb%20the%20nutrients%20in,of%20today's%20water%20quality%20concerns.","https://directives.sc.egov.usda.gov/OpenNonWebContent.aspx?content=6621.wba#:~:text=Plants%20absorb%20the%20nutrients%20in,of%20today's%20water%20quality%20concerns."
United States of America,Forage crops,Bromegrass,Crop_products,,5 tons,1.87,0.21,2.55,0.47,0.19,0.19,0.0008,0.0052,,"Kilmer 1982; Morrison
1956; Sanchez 1976; USDA 1985","USDA (2009) Chapter 6 Role of Plants in Waster Management in the Agricultural Waster Management Handbook available at:  https://directives.sc.egov.usda.gov/OpenNonWebContent.aspx?content=6621.wba#:~:text=Plants%20absorb%20the%20nutrients%20in,of%20today's%20water%20quality%20concerns.","https://directives.sc.egov.usda.gov/OpenNonWebContent.aspx?content=6621.wba#:~:text=Plants%20absorb%20the%20nutrients%20in,of%20today's%20water%20quality%20concerns."
United States of America,Forage crops,Clover-grass,Crop_products,,6 tons,1.52,0.27,1.69,0.92,0.28,0.15,0.0008,0.0106,,"Kilmer 1982; Morrison
1956; Sanchez 1976; USDA 1985","USDA (2009) Chapter 6 Role of Plants in Waster Management in the Agricultural Waster Management Handbook available at:  https://directives.sc.egov.usda.gov/OpenNonWebContent.aspx?content=6621.wba#:~:text=Plants%20absorb%20the%20nutrients%20in,of%20today's%20water%20quality%20concerns.","https://directives.sc.egov.usda.gov/OpenNonWebContent.aspx?content=6621.wba#:~:text=Plants%20absorb%20the%20nutrients%20in,of%20today's%20water%20quality%20concerns."
United States of America,Forage crops,Dallisgrass,Crop_products,,3 tons,1.92,0.2,1.72,0.56,0.4,,,,,"Kilmer 1982; Morrison
1956; Sanchez 1976; USDA 1985","USDA (2009) Chapter 6 Role of Plants in Waster Management in the Agricultural Waster Management Handbook available at:  https://directives.sc.egov.usda.gov/OpenNonWebContent.aspx?content=6621.wba#:~:text=Plants%20absorb%20the%20nutrients%20in,of%20today's%20water%20quality%20concerns.","https://directives.sc.egov.usda.gov/OpenNonWebContent.aspx?content=6621.wba#:~:text=Plants%20absorb%20the%20nutrients%20in,of%20today's%20water%20quality%20concerns."
United States of America,Forage crops,Guineagrass,Crop_products,,10 tons,1.25,0.44,1.89,,0.43,0.2,,,,"Kilmer 1982; Morrison
1956; Sanchez 1976; USDA 1985","USDA (2009) Chapter 6 Role of Plants in Waster Management in the Agricultural Waster Management Handbook available at:  https://directives.sc.egov.usda.gov/OpenNonWebContent.aspx?content=6621.wba#:~:text=Plants%20absorb%20the%20nutrients%20in,of%20today's%20water%20quality%20concerns.","https://directives.sc.egov.usda.gov/OpenNonWebContent.aspx?content=6621.wba#:~:text=Plants%20absorb%20the%20nutrients%20in,of%20today's%20water%20quality%20concerns."
United States of America,Forage crops,Bermudagrass,Crop_products,,8 tons,1.88,0.19,1.4,0.37,0.15,0.22,0.0013,,,"Kilmer 1982; Morrison
1956; Sanchez 1976; USDA 1985","USDA (2009) Chapter 6 Role of Plants in Waster Management in the Agricultural Waster Management Handbook available at:  https://directives.sc.egov.usda.gov/OpenNonWebContent.aspx?content=6621.wba#:~:text=Plants%20absorb%20the%20nutrients%20in,of%20today's%20water%20quality%20concerns.","https://directives.sc.egov.usda.gov/OpenNonWebContent.aspx?content=6621.wba#:~:text=Plants%20absorb%20the%20nutrients%20in,of%20today's%20water%20quality%20concerns."
United States of America,Forage crops,Indiangrass,Crop_products,,3 tons,1,0.85,1.2,0.15,,,,,,"Kilmer 1982; Morrison
1956; Sanchez 1976; USDA 1985","USDA (2009) Chapter 6 Role of Plants in Waster Management in the Agricultural Waster Management Handbook available at:  https://directives.sc.egov.usda.gov/OpenNonWebContent.aspx?content=6621.wba#:~:text=Plants%20absorb%20the%20nutrients%20in,of%20today's%20water%20quality%20concerns.","https://directives.sc.egov.usda.gov/OpenNonWebContent.aspx?content=6621.wba#:~:text=Plants%20absorb%20the%20nutrients%20in,of%20today's%20water%20quality%20concerns."
United States of America,Forage crops,Lespedeza,Crop_products,,3 tons,2.33,0.21,1.06,1.12,0.21,0.33,,0.0152,,"Kilmer 1982; Morrison
1956; Sanchez 1976; USDA 1985","USDA (2009) Chapter 6 Role of Plants in Waster Management in the Agricultural Waster Management Handbook available at:  https://directives.sc.egov.usda.gov/OpenNonWebContent.aspx?content=6621.wba#:~:text=Plants%20absorb%20the%20nutrients%20in,of%20today's%20water%20quality%20concerns.","https://directives.sc.egov.usda.gov/OpenNonWebContent.aspx?content=6621.wba#:~:text=Plants%20absorb%20the%20nutrients%20in,of%20today's%20water%20quality%20concerns."
United States of America,Forage crops,Little bluestem,Crop_products,,3 tons,1.1,0.85,1.45,,0.2,,,,,"Kilmer 1982; Morrison
1956; Sanchez 1976; USDA 1985","USDA (2009) Chapter 6 Role of Plants in Waster Management in the Agricultural Waster Management Handbook available at:  https://directives.sc.egov.usda.gov/OpenNonWebContent.aspx?content=6621.wba#:~:text=Plants%20absorb%20the%20nutrients%20in,of%20today's%20water%20quality%20concerns.","https://directives.sc.egov.usda.gov/OpenNonWebContent.aspx?content=6621.wba#:~:text=Plants%20absorb%20the%20nutrients%20in,of%20today's%20water%20quality%20concerns."
United States of America,Forage crops,Orchardgrass,Crop_products,,6 tons,1.47,0.2,2.16,0.3,0.24,0.26,0.0017,0.0078,,"Kilmer 1982; Morrison
1956; Sanchez 1976; USDA 1985","USDA (2009) Chapter 6 Role of Plants in Waster Management in the Agricultural Waster Management Handbook available at:  https://directives.sc.egov.usda.gov/OpenNonWebContent.aspx?content=6621.wba#:~:text=Plants%20absorb%20the%20nutrients%20in,of%20today's%20water%20quality%20concerns.","https://directives.sc.egov.usda.gov/OpenNonWebContent.aspx?content=6621.wba#:~:text=Plants%20absorb%20the%20nutrients%20in,of%20today's%20water%20quality%20concerns."
United States of America,Forage crops,Pangolagrass,Crop_products,,10 tons,1.3,0.47,1.87,,0.29,0.2,,,,"Kilmer 1982; Morrison
1956; Sanchez 1976; USDA 1985","USDA (2009) Chapter 6 Role of Plants in Waster Management in the Agricultural Waster Management Handbook available at:  https://directives.sc.egov.usda.gov/OpenNonWebContent.aspx?content=6621.wba#:~:text=Plants%20absorb%20the%20nutrients%20in,of%20today's%20water%20quality%20concerns.","https://directives.sc.egov.usda.gov/OpenNonWebContent.aspx?content=6621.wba#:~:text=Plants%20absorb%20the%20nutrients%20in,of%20today's%20water%20quality%20concerns."
United States of America,Forage crops,Paragrass,Crop_products,,10.5 tons,0.82,0.39,1.59,0.39,0.33,0.17,,,,"Kilmer 1982; Morrison
1956; Sanchez 1976; USDA 1985","USDA (2009) Chapter 6 Role of Plants in Waster Management in the Agricultural Waster Management Handbook available at:  https://directives.sc.egov.usda.gov/OpenNonWebContent.aspx?content=6621.wba#:~:text=Plants%20absorb%20the%20nutrients%20in,of%20today's%20water%20quality%20concerns.","https://directives.sc.egov.usda.gov/OpenNonWebContent.aspx?content=6621.wba#:~:text=Plants%20absorb%20the%20nutrients%20in,of%20today's%20water%20quality%20concerns."
United States of America,Forage crops,Red clover,Crop_products,,2.5 tons,2,0.22,1.66,1.38,0.34,0.14,0.0008,0.0108,0.0072,"Kilmer 1982; Morrison
1956; Sanchez 1976; USDA 1985","USDA (2009) Chapter 6 Role of Plants in Waster Management in the Agricultural Waster Management Handbook available at:  https://directives.sc.egov.usda.gov/OpenNonWebContent.aspx?content=6621.wba#:~:text=Plants%20absorb%20the%20nutrients%20in,of%20today's%20water%20quality%20concerns.","https://directives.sc.egov.usda.gov/OpenNonWebContent.aspx?content=6621.wba#:~:text=Plants%20absorb%20the%20nutrients%20in,of%20today's%20water%20quality%20concerns."
United States of America,Forage crops,Reed canarygrass,Crop_products,,6.5 tons,1.35,0.18,,0.36,,,,,,"Kilmer 1982; Morrison
1956; Sanchez 1976; USDA 1985","USDA (2009) Chapter 6 Role of Plants in Waster Management in the Agricultural Waster Management Handbook available at:  https://directives.sc.egov.usda.gov/OpenNonWebContent.aspx?content=6621.wba#:~:text=Plants%20absorb%20the%20nutrients%20in,of%20today's%20water%20quality%20concerns.","https://directives.sc.egov.usda.gov/OpenNonWebContent.aspx?content=6621.wba#:~:text=Plants%20absorb%20the%20nutrients%20in,of%20today's%20water%20quality%20concerns."
United States of America,Forage crops,Ryegrass,Crop_products,,5 tons,1.67,0.27,1.42,0.65,0.35,,,,,"Kilmer 1982; Morrison
1956; Sanchez 1976; USDA 1985","USDA (2009) Chapter 6 Role of Plants in Waster Management in the Agricultural Waster Management Handbook available at:  https://directives.sc.egov.usda.gov/OpenNonWebContent.aspx?content=6621.wba#:~:text=Plants%20absorb%20the%20nutrients%20in,of%20today's%20water%20quality%20concerns.","https://directives.sc.egov.usda.gov/OpenNonWebContent.aspx?content=6621.wba#:~:text=Plants%20absorb%20the%20nutrients%20in,of%20today's%20water%20quality%20concerns."
United States of America,Forage crops,Switchgrass,Crop_products,,3 tons,1.15,0.1,1.9,0.28,0.25,,,,,"Kilmer 1982; Morrison
1956; Sanchez 1976; USDA 1985","USDA (2009) Chapter 6 Role of Plants in Waster Management in the Agricultural Waster Management Handbook available at:  https://directives.sc.egov.usda.gov/OpenNonWebContent.aspx?content=6621.wba#:~:text=Plants%20absorb%20the%20nutrients%20in,of%20today's%20water%20quality%20concerns.","https://directives.sc.egov.usda.gov/OpenNonWebContent.aspx?content=6621.wba#:~:text=Plants%20absorb%20the%20nutrients%20in,of%20today's%20water%20quality%20concerns."
United States of America,Forage crops,Tall fescue,Crop_products,,3.5 tons,1.97,0.2,2,0.3,0.19,,,,,"Kilmer 1982; Morrison
1956; Sanchez 1976; USDA 1985","USDA (2009) Chapter 6 Role of Plants in Waster Management in the Agricultural Waster Management Handbook available at:  https://directives.sc.egov.usda.gov/OpenNonWebContent.aspx?content=6621.wba#:~:text=Plants%20absorb%20the%20nutrients%20in,of%20today's%20water%20quality%20concerns.","https://directives.sc.egov.usda.gov/OpenNonWebContent.aspx?content=6621.wba#:~:text=Plants%20absorb%20the%20nutrients%20in,of%20today's%20water%20quality%20concerns."
United States of America,Forage crops,Timothy,Crop_products,,2.5 tons,1.2,0.22,1.58,0.36,0.12,0.1,0.0006,0.0062,0.004,"Kilmer 1982; Morrison
1956; Sanchez 1976; USDA 1985","USDA (2009) Chapter 6 Role of Plants in Waster Management in the Agricultural Waster Management Handbook available at:  https://directives.sc.egov.usda.gov/OpenNonWebContent.aspx?content=6621.wba#:~:text=Plants%20absorb%20the%20nutrients%20in,of%20today's%20water%20quality%20concerns.","https://directives.sc.egov.usda.gov/OpenNonWebContent.aspx?content=6621.wba#:~:text=Plants%20absorb%20the%20nutrients%20in,of%20today's%20water%20quality%20concerns."
United States of America,Forage crops,Wheatgrass,Crop_products,,1 ton,1.42,0.27,2.68,0.36,0.24,0.11,,,,"Kilmer 1982; Morrison
1956; Sanchez 1976; USDA 1985","USDA (2009) Chapter 6 Role of Plants in Waster Management in the Agricultural Waster Management Handbook available at:  https://directives.sc.egov.usda.gov/OpenNonWebContent.aspx?content=6621.wba#:~:text=Plants%20absorb%20the%20nutrients%20in,of%20today's%20water%20quality%20concerns.","https://directives.sc.egov.usda.gov/OpenNonWebContent.aspx?content=6621.wba#:~:text=Plants%20absorb%20the%20nutrients%20in,of%20today's%20water%20quality%20concerns."
United States of America,Forest,Leaves,Crop_residues,,,0.75,0.06,0.46,,,,,,,"Kilmer 1982; Morrison
1956; Sanchez 1976; USDA 1985","USDA (2009) Chapter 6 Role of Plants in Waster Management in the Agricultural Waster Management Handbook available at:  https://directives.sc.egov.usda.gov/OpenNonWebContent.aspx?content=6621.wba#:~:text=Plants%20absorb%20the%20nutrients%20in,of%20today's%20water%20quality%20concerns.","https://directives.sc.egov.usda.gov/OpenNonWebContent.aspx?content=6621.wba#:~:text=Plants%20absorb%20the%20nutrients%20in,of%20today's%20water%20quality%20concerns."
United States of America,Forest,Northern hardwoods,Crop_products,,50 tons,0.2,0.02,0.1,0.29,,,,,,"Kilmer 1982; Morrison
1956; Sanchez 1976; USDA 1985","USDA (2009) Chapter 6 Role of Plants in Waster Management in the Agricultural Waster Management Handbook available at:  https://directives.sc.egov.usda.gov/OpenNonWebContent.aspx?content=6621.wba#:~:text=Plants%20absorb%20the%20nutrients%20in,of%20today's%20water%20quality%20concerns.","https://directives.sc.egov.usda.gov/OpenNonWebContent.aspx?content=6621.wba#:~:text=Plants%20absorb%20the%20nutrients%20in,of%20today's%20water%20quality%20concerns."
United States of America,Forest,Douglas fir,Crop_products,,76 tons,0.16,,,,,,,,,"Kilmer 1982; Morrison
1956; Sanchez 1976; USDA 1985","USDA (2009) Chapter 6 Role of Plants in Waster Management in the Agricultural Waster Management Handbook available at:  https://directives.sc.egov.usda.gov/OpenNonWebContent.aspx?content=6621.wba#:~:text=Plants%20absorb%20the%20nutrients%20in,of%20today's%20water%20quality%20concerns.","https://directives.sc.egov.usda.gov/OpenNonWebContent.aspx?content=6621.wba#:~:text=Plants%20absorb%20the%20nutrients%20in,of%20today's%20water%20quality%20concerns."
United States of America,Fruit crops,Apples,Crop_products,,12 tons,0.13,0.02,0.16,0.03,0.02,0.04,0.0001,0.0001,0.0001,"Kilmer 1982; Morrison
1956; Sanchez 1976; USDA 1985","USDA (2009) Chapter 6 Role of Plants in Waster Management in the Agricultural Waster Management Handbook available at:  https://directives.sc.egov.usda.gov/OpenNonWebContent.aspx?content=6621.wba#:~:text=Plants%20absorb%20the%20nutrients%20in,of%20today's%20water%20quality%20concerns.","https://directives.sc.egov.usda.gov/OpenNonWebContent.aspx?content=6621.wba#:~:text=Plants%20absorb%20the%20nutrients%20in,of%20today's%20water%20quality%20concerns."
United States of America,Fruit crops,Bananas,Crop_products,,"9,900 lb.",0.19,0.02,0.54,0.23,0.3,,,,,"Kilmer 1982; Morrison
1956; Sanchez 1976; USDA 1985","USDA (2009) Chapter 6 Role of Plants in Waster Management in the Agricultural Waster Management Handbook available at:  https://directives.sc.egov.usda.gov/OpenNonWebContent.aspx?content=6621.wba#:~:text=Plants%20absorb%20the%20nutrients%20in,of%20today's%20water%20quality%20concerns.","https://directives.sc.egov.usda.gov/OpenNonWebContent.aspx?content=6621.wba#:~:text=Plants%20absorb%20the%20nutrients%20in,of%20today's%20water%20quality%20concerns."
United States of America,Fruit crops,Cantaloupe,Crop_products,,"17,500 lb.",0.22,0.09,0.46,,0.34,,,,,"Kilmer 1982; Morrison
1956; Sanchez 1976; USDA 1985","USDA (2009) Chapter 6 Role of Plants in Waster Management in the Agricultural Waster Management Handbook available at:  https://directives.sc.egov.usda.gov/OpenNonWebContent.aspx?content=6621.wba#:~:text=Plants%20absorb%20the%20nutrients%20in,of%20today's%20water%20quality%20concerns.","https://directives.sc.egov.usda.gov/OpenNonWebContent.aspx?content=6621.wba#:~:text=Plants%20absorb%20the%20nutrients%20in,of%20today's%20water%20quality%20concerns."
United States of America,Fruit crops,Coconuts,Crop_products,,0.5 tons–dry copra,5,0.6,3.33,0.21,0.36,0.34,0.001,,0.0076,"Kilmer 1982; Morrison
1956; Sanchez 1976; USDA 1985","USDA (2009) Chapter 6 Role of Plants in Waster Management in the Agricultural Waster Management Handbook available at:  https://directives.sc.egov.usda.gov/OpenNonWebContent.aspx?content=6621.wba#:~:text=Plants%20absorb%20the%20nutrients%20in,of%20today's%20water%20quality%20concerns.","https://directives.sc.egov.usda.gov/OpenNonWebContent.aspx?content=6621.wba#:~:text=Plants%20absorb%20the%20nutrients%20in,of%20today's%20water%20quality%20concerns."
United States of America,Fruit crops,Grapes,Crop_products,,12 tons,0.28,0.1,0.5,,0.04,,,,,"Kilmer 1982; Morrison
1956; Sanchez 1976; USDA 1985","USDA (2009) Chapter 6 Role of Plants in Waster Management in the Agricultural Waster Management Handbook available at:  https://directives.sc.egov.usda.gov/OpenNonWebContent.aspx?content=6621.wba#:~:text=Plants%20absorb%20the%20nutrients%20in,of%20today's%20water%20quality%20concerns.","https://directives.sc.egov.usda.gov/OpenNonWebContent.aspx?content=6621.wba#:~:text=Plants%20absorb%20the%20nutrients%20in,of%20today's%20water%20quality%20concerns."
United States of America,Fruit crops,Oranges,Crop_products,,"54,000 lb.",0.2,0.02,0.21,0.06,0.02,0.02,0.0004,0.0001,0.004,"Kilmer 1982; Morrison
1956; Sanchez 1976; USDA 1985","USDA (2009) Chapter 6 Role of Plants in Waster Management in the Agricultural Waster Management Handbook available at:  https://directives.sc.egov.usda.gov/OpenNonWebContent.aspx?content=6621.wba#:~:text=Plants%20absorb%20the%20nutrients%20in,of%20today's%20water%20quality%20concerns.","https://directives.sc.egov.usda.gov/OpenNonWebContent.aspx?content=6621.wba#:~:text=Plants%20absorb%20the%20nutrients%20in,of%20today's%20water%20quality%20concerns."
United States of America,Fruit crops,Peaches,Crop_products,,15 tons,0.12,0.03,0.19,0.01,0.03,0.01,,,0.001,"Kilmer 1982; Morrison
1956; Sanchez 1976; USDA 1985","USDA (2009) Chapter 6 Role of Plants in Waster Management in the Agricultural Waster Management Handbook available at:  https://directives.sc.egov.usda.gov/OpenNonWebContent.aspx?content=6621.wba#:~:text=Plants%20absorb%20the%20nutrients%20in,of%20today's%20water%20quality%20concerns.","https://directives.sc.egov.usda.gov/OpenNonWebContent.aspx?content=6621.wba#:~:text=Plants%20absorb%20the%20nutrients%20in,of%20today's%20water%20quality%20concerns."
United States of America,Fruit crops,Pineapple,Crop_products,,17 tons,0.43,0.35,1.68,0.02,0.18,0.04,,,,"Kilmer 1982; Morrison
1956; Sanchez 1976; USDA 1985","USDA (2009) Chapter 6 Role of Plants in Waster Management in the Agricultural Waster Management Handbook available at:  https://directives.sc.egov.usda.gov/OpenNonWebContent.aspx?content=6621.wba#:~:text=Plants%20absorb%20the%20nutrients%20in,of%20today's%20water%20quality%20concerns.","https://directives.sc.egov.usda.gov/OpenNonWebContent.aspx?content=6621.wba#:~:text=Plants%20absorb%20the%20nutrients%20in,of%20today's%20water%20quality%20concerns."
United States of America,Fruit crops,Tomatoes,Crop_products,,22 tons,0.3,0.04,0.33,0.02,0.03,0.04,0.0002,0.0003,0.0001,"Kilmer 1982; Morrison
1956; Sanchez 1976; USDA 1985","USDA (2009) Chapter 6 Role of Plants in Waster Management in the Agricultural Waster Management Handbook available at:  https://directives.sc.egov.usda.gov/OpenNonWebContent.aspx?content=6621.wba#:~:text=Plants%20absorb%20the%20nutrients%20in,of%20today's%20water%20quality%20concerns.","https://directives.sc.egov.usda.gov/OpenNonWebContent.aspx?content=6621.wba#:~:text=Plants%20absorb%20the%20nutrients%20in,of%20today's%20water%20quality%20concerns."
United States of America,Silage crops,Alfalfa haylage (50% dm),Crop_products,,10 wet/5 dry,2.79,0.33,2.32,0.97,0.33,0.36,0.0009,0.0052,,"Kilmer 1982; Morrison
1956; Sanchez 1976; USDA 1985","USDA (2009) Chapter 6 Role of Plants in Waster Management in the Agricultural Waster Management Handbook available at:  https://directives.sc.egov.usda.gov/OpenNonWebContent.aspx?content=6621.wba#:~:text=Plants%20absorb%20the%20nutrients%20in,of%20today's%20water%20quality%20concerns.","https://directives.sc.egov.usda.gov/OpenNonWebContent.aspx?content=6621.wba#:~:text=Plants%20absorb%20the%20nutrients%20in,of%20today's%20water%20quality%20concerns."
United States of America,Silage crops,Corn silage (35% dm),Crop_products,,20 wet/7 dry,1.1,0.25,1.09,0.36,0.18,0.15,0.0005,0.007,,"Kilmer 1982; Morrison
1956; Sanchez 1976; USDA 1985","USDA (2009) Chapter 6 Role of Plants in Waster Management in the Agricultural Waster Management Handbook available at:  https://directives.sc.egov.usda.gov/OpenNonWebContent.aspx?content=6621.wba#:~:text=Plants%20absorb%20the%20nutrients%20in,of%20today's%20water%20quality%20concerns.","https://directives.sc.egov.usda.gov/OpenNonWebContent.aspx?content=6621.wba#:~:text=Plants%20absorb%20the%20nutrients%20in,of%20today's%20water%20quality%20concerns."
United States of America,Silage crops,Forage sorghum (30% dm),Crop_products,,20 wet/6 dry,1.44,0.19,1.02,0.37,0.31,0.11,0.0032,0.0045,,"Kilmer 1982; Morrison
1956; Sanchez 1976; USDA 1985","USDA (2009) Chapter 6 Role of Plants in Waster Management in the Agricultural Waster Management Handbook available at:  https://directives.sc.egov.usda.gov/OpenNonWebContent.aspx?content=6621.wba#:~:text=Plants%20absorb%20the%20nutrients%20in,of%20today's%20water%20quality%20concerns.","https://directives.sc.egov.usda.gov/OpenNonWebContent.aspx?content=6621.wba#:~:text=Plants%20absorb%20the%20nutrients%20in,of%20today's%20water%20quality%20concerns."
United States of America,Silage crops,Oat haylage (40% dm),Crop_products,,10 wet/4 dry,1.6,0.28,0.94,0.31,0.24,0.18,,,,"Kilmer 1982; Morrison
1956; Sanchez 1976; USDA 1985","USDA (2009) Chapter 6 Role of Plants in Waster Management in the Agricultural Waster Management Handbook available at:  https://directives.sc.egov.usda.gov/OpenNonWebContent.aspx?content=6621.wba#:~:text=Plants%20absorb%20the%20nutrients%20in,of%20today's%20water%20quality%20concerns.","https://directives.sc.egov.usda.gov/OpenNonWebContent.aspx?content=6621.wba#:~:text=Plants%20absorb%20the%20nutrients%20in,of%20today's%20water%20quality%20concerns."
United States of America,Silage crops,Sorghum-sudan (50% dm),Crop_products,,10 wet/5 dry,1.36,0.16,1.45,0.43,0.34,0.04,,0.0091,,"Kilmer 1982; Morrison
1956; Sanchez 1976; USDA 1985","USDA (2009) Chapter 6 Role of Plants in Waster Management in the Agricultural Waster Management Handbook available at:  https://directives.sc.egov.usda.gov/OpenNonWebContent.aspx?content=6621.wba#:~:text=Plants%20absorb%20the%20nutrients%20in,of%20today's%20water%20quality%20concerns.","https://directives.sc.egov.usda.gov/OpenNonWebContent.aspx?content=6621.wba#:~:text=Plants%20absorb%20the%20nutrients%20in,of%20today's%20water%20quality%20concerns."
United States of America,Sugar crops,Sugarcane,Crop_products,,37 tons,0.16,0.04,0.37,0.05,0.04,0.04,,,,"Kilmer 1982; Morrison
1956; Sanchez 1976; USDA 1985","USDA (2009) Chapter 6 Role of Plants in Waster Management in the Agricultural Waster Management Handbook available at:  https://directives.sc.egov.usda.gov/OpenNonWebContent.aspx?content=6621.wba#:~:text=Plants%20absorb%20the%20nutrients%20in,of%20today's%20water%20quality%20concerns.","https://directives.sc.egov.usda.gov/OpenNonWebContent.aspx?content=6621.wba#:~:text=Plants%20absorb%20the%20nutrients%20in,of%20today's%20water%20quality%20concerns."
United States of America,Sugar crops,Sugar beets,Crop_products,,20 tons,0.2,0.03,0.14,0.11,0.08,0.03,0.0001,0.0025,,"Kilmer 1982; Morrison
1956; Sanchez 1976; USDA 1985","USDA (2009) Chapter 6 Role of Plants in Waster Management in the Agricultural Waster Management Handbook available at:  https://directives.sc.egov.usda.gov/OpenNonWebContent.aspx?content=6621.wba#:~:text=Plants%20absorb%20the%20nutrients%20in,of%20today's%20water%20quality%20concerns.","https://directives.sc.egov.usda.gov/OpenNonWebContent.aspx?content=6621.wba#:~:text=Plants%20absorb%20the%20nutrients%20in,of%20today's%20water%20quality%20concerns."
United States of America,Sugar crops,Sugar beets tops,Crop_residues,,,0.43,0.04,1.03,0.18,0.19,0.1,0.0002,0.001,,"Kilmer 1982; Morrison
1956; Sanchez 1976; USDA 1985","USDA (2009) Chapter 6 Role of Plants in Waster Management in the Agricultural Waster Management Handbook available at:  https://directives.sc.egov.usda.gov/OpenNonWebContent.aspx?content=6621.wba#:~:text=Plants%20absorb%20the%20nutrients%20in,of%20today's%20water%20quality%20concerns.","https://directives.sc.egov.usda.gov/OpenNonWebContent.aspx?content=6621.wba#:~:text=Plants%20absorb%20the%20nutrients%20in,of%20today's%20water%20quality%20concerns."
United States of America,Tobacco,Tobacco,Crop_products,,"2,100 lb.",3.75,0.33,4.98,3.75,0.9,0.7,0.0015,0.0275,0.0035,"Kilmer 1982; Morrison
1956; Sanchez 1976; USDA 1985","USDA (2009) Chapter 6 Role of Plants in Waster Management in the Agricultural Waster Management Handbook available at:  https://directives.sc.egov.usda.gov/OpenNonWebContent.aspx?content=6621.wba#:~:text=Plants%20absorb%20the%20nutrients%20in,of%20today's%20water%20quality%20concerns.","https://directives.sc.egov.usda.gov/OpenNonWebContent.aspx?content=6621.wba#:~:text=Plants%20absorb%20the%20nutrients%20in,of%20today's%20water%20quality%20concerns."
United States of America,Turf grass,Bluegrass,Crop_products,,2 tons,2.91,0.43,1.95,0.53,0.23,0.66,0.0014,0.0075,0.002,"Kilmer 1982; Morrison
1956; Sanchez 1976; USDA 1985","USDA (2009) Chapter 6 Role of Plants in Waster Management in the Agricultural Waster Management Handbook available at:  https://directives.sc.egov.usda.gov/OpenNonWebContent.aspx?content=6621.wba#:~:text=Plants%20absorb%20the%20nutrients%20in,of%20today's%20water%20quality%20concerns.","https://directives.sc.egov.usda.gov/OpenNonWebContent.aspx?content=6621.wba#:~:text=Plants%20absorb%20the%20nutrients%20in,of%20today's%20water%20quality%20concerns."
United States of America,Turf grass,Bentgrass,Crop_products,,2.5 tons,3.1,0.41,2.21,0.65,0.27,0.21,,,,"Kilmer 1982; Morrison
1956; Sanchez 1976; USDA 1985","USDA (2009) Chapter 6 Role of Plants in Waster Management in the Agricultural Waster Management Handbook available at:  https://directives.sc.egov.usda.gov/OpenNonWebContent.aspx?content=6621.wba#:~:text=Plants%20absorb%20the%20nutrients%20in,of%20today's%20water%20quality%20concerns.","https://directives.sc.egov.usda.gov/OpenNonWebContent.aspx?content=6621.wba#:~:text=Plants%20absorb%20the%20nutrients%20in,of%20today's%20water%20quality%20concerns."
United States of America,Turf grass,Bermudagrass,Crop_products,,4 tons,1.88,0.19,1.4,0.37,0.15,0.22,0.0013,,,"Kilmer 1982; Morrison
1956; Sanchez 1976; USDA 1985","USDA (2009) Chapter 6 Role of Plants in Waster Management in the Agricultural Waster Management Handbook available at:  https://directives.sc.egov.usda.gov/OpenNonWebContent.aspx?content=6621.wba#:~:text=Plants%20absorb%20the%20nutrients%20in,of%20today's%20water%20quality%20concerns.","https://directives.sc.egov.usda.gov/OpenNonWebContent.aspx?content=6621.wba#:~:text=Plants%20absorb%20the%20nutrients%20in,of%20today's%20water%20quality%20concerns."
United States of America,Vegetable crops,Bell peppers,Crop_products,,9 tons,0.4,0.12,0.49,,0.04,,,,,"Kilmer 1982; Morrison
1956; Sanchez 1976; USDA 1985","USDA (2009) Chapter 6 Role of Plants in Waster Management in the Agricultural Waster Management Handbook available at:  https://directives.sc.egov.usda.gov/OpenNonWebContent.aspx?content=6621.wba#:~:text=Plants%20absorb%20the%20nutrients%20in,of%20today's%20water%20quality%20concerns.","https://directives.sc.egov.usda.gov/OpenNonWebContent.aspx?content=6621.wba#:~:text=Plants%20absorb%20the%20nutrients%20in,of%20today's%20water%20quality%20concerns."
United States of America,Vegetable crops,"Beans, dry",Crop_products,,0.5 ton,3.13,0.45,0.86,0.08,0.08,0.21,0.0008,0.0013,0.0025,"Kilmer 1982; Morrison
1956; Sanchez 1976; USDA 1985","USDA (2009) Chapter 6 Role of Plants in Waster Management in the Agricultural Waster Management Handbook available at:  https://directives.sc.egov.usda.gov/OpenNonWebContent.aspx?content=6621.wba#:~:text=Plants%20absorb%20the%20nutrients%20in,of%20today's%20water%20quality%20concerns.","https://directives.sc.egov.usda.gov/OpenNonWebContent.aspx?content=6621.wba#:~:text=Plants%20absorb%20the%20nutrients%20in,of%20today's%20water%20quality%20concerns."
United States of America,Vegetable crops,Cabbage,Crop_products,,20 tons,0.33,0.04,0.27,0.05,0.02,0.11,0.0001,0.0003,0.0002,"Kilmer 1982; Morrison
1956; Sanchez 1976; USDA 1985","USDA (2009) Chapter 6 Role of Plants in Waster Management in the Agricultural Waster Management Handbook available at:  https://directives.sc.egov.usda.gov/OpenNonWebContent.aspx?content=6621.wba#:~:text=Plants%20absorb%20the%20nutrients%20in,of%20today's%20water%20quality%20concerns.","https://directives.sc.egov.usda.gov/OpenNonWebContent.aspx?content=6621.wba#:~:text=Plants%20absorb%20the%20nutrients%20in,of%20today's%20water%20quality%20concerns."
United States of America,Vegetable crops,Carrots,Crop_products,,13 tons,0.19,0.04,0.25,0.05,0.02,0.02,0.0001,0.0004,,"Kilmer 1982; Morrison
1956; Sanchez 1976; USDA 1985","USDA (2009) Chapter 6 Role of Plants in Waster Management in the Agricultural Waster Management Handbook available at:  https://directives.sc.egov.usda.gov/OpenNonWebContent.aspx?content=6621.wba#:~:text=Plants%20absorb%20the%20nutrients%20in,of%20today's%20water%20quality%20concerns.","https://directives.sc.egov.usda.gov/OpenNonWebContent.aspx?content=6621.wba#:~:text=Plants%20absorb%20the%20nutrients%20in,of%20today's%20water%20quality%20concerns."
United States of America,Vegetable crops,Cassava,Crop_products,,7 tons,0.4,0.13,0.63,0.26,0.13,,,,,"Kilmer 1982; Morrison
1956; Sanchez 1976; USDA 1985","USDA (2009) Chapter 6 Role of Plants in Waster Management in the Agricultural Waster Management Handbook available at:  https://directives.sc.egov.usda.gov/OpenNonWebContent.aspx?content=6621.wba#:~:text=Plants%20absorb%20the%20nutrients%20in,of%20today's%20water%20quality%20concerns.","https://directives.sc.egov.usda.gov/OpenNonWebContent.aspx?content=6621.wba#:~:text=Plants%20absorb%20the%20nutrients%20in,of%20today's%20water%20quality%20concerns."
United States of America,Vegetable crops,Celery,Crop_products,,27 tons,0.17,0.09,0.45,,,,,,,"Kilmer 1982; Morrison
1956; Sanchez 1976; USDA 1985","USDA (2009) Chapter 6 Role of Plants in Waster Management in the Agricultural Waster Management Handbook available at:  https://directives.sc.egov.usda.gov/OpenNonWebContent.aspx?content=6621.wba#:~:text=Plants%20absorb%20the%20nutrients%20in,of%20today's%20water%20quality%20concerns.","https://directives.sc.egov.usda.gov/OpenNonWebContent.aspx?content=6621.wba#:~:text=Plants%20absorb%20the%20nutrients%20in,of%20today's%20water%20quality%20concerns."
United States of America,Vegetable crops,Cucumbers,Crop_products,,10 tons,0.2,0.07,0.33,,0.02,,,,,"Kilmer 1982; Morrison
1956; Sanchez 1976; USDA 1985","USDA (2009) Chapter 6 Role of Plants in Waster Management in the Agricultural Waster Management Handbook available at:  https://directives.sc.egov.usda.gov/OpenNonWebContent.aspx?content=6621.wba#:~:text=Plants%20absorb%20the%20nutrients%20in,of%20today's%20water%20quality%20concerns.","https://directives.sc.egov.usda.gov/OpenNonWebContent.aspx?content=6621.wba#:~:text=Plants%20absorb%20the%20nutrients%20in,of%20today's%20water%20quality%20concerns."
United States of America,Vegetable crops,Lettuce (heads),Crop_products,,14 tons,0.23,0.08,0.46,,,,,,,"Kilmer 1982; Morrison
1956; Sanchez 1976; USDA 1985","USDA (2009) Chapter 6 Role of Plants in Waster Management in the Agricultural Waster Management Handbook available at:  https://directives.sc.egov.usda.gov/OpenNonWebContent.aspx?content=6621.wba#:~:text=Plants%20absorb%20the%20nutrients%20in,of%20today's%20water%20quality%20concerns.","https://directives.sc.egov.usda.gov/OpenNonWebContent.aspx?content=6621.wba#:~:text=Plants%20absorb%20the%20nutrients%20in,of%20today's%20water%20quality%20concerns."
United States of America,Vegetable crops,Onions,Crop_products,,18 tons,0.3,0.06,0.22,0.07,0.01,0.12,0.0002,0.005,0.0021,"Kilmer 1982; Morrison
1956; Sanchez 1976; USDA 1985","USDA (2009) Chapter 6 Role of Plants in Waster Management in the Agricultural Waster Management Handbook available at:  https://directives.sc.egov.usda.gov/OpenNonWebContent.aspx?content=6621.wba#:~:text=Plants%20absorb%20the%20nutrients%20in,of%20today's%20water%20quality%20concerns.","https://directives.sc.egov.usda.gov/OpenNonWebContent.aspx?content=6621.wba#:~:text=Plants%20absorb%20the%20nutrients%20in,of%20today's%20water%20quality%20concerns."
United States of America,Vegetable crops,Peas,Crop_products,,1.5 tons,3.68,0.4,0.9,0.08,0.24,0.24,,,,"Kilmer 1982; Morrison
1956; Sanchez 1976; USDA 1985","USDA (2009) Chapter 6 Role of Plants in Waster Management in the Agricultural Waster Management Handbook available at:  https://directives.sc.egov.usda.gov/OpenNonWebContent.aspx?content=6621.wba#:~:text=Plants%20absorb%20the%20nutrients%20in,of%20today's%20water%20quality%20concerns.","https://directives.sc.egov.usda.gov/OpenNonWebContent.aspx?content=6621.wba#:~:text=Plants%20absorb%20the%20nutrients%20in,of%20today's%20water%20quality%20concerns."
United States of America,Vegetable crops,Potatoes,Crop_products,,14.5 tons,0.33,0.06,0.52,0.01,0.03,0.03,0.0002,0.0004,0.0002,"Kilmer 1982; Morrison
1956; Sanchez 1976; USDA 1985","USDA (2009) Chapter 6 Role of Plants in Waster Management in the Agricultural Waster Management Handbook available at:  https://directives.sc.egov.usda.gov/OpenNonWebContent.aspx?content=6621.wba#:~:text=Plants%20absorb%20the%20nutrients%20in,of%20today's%20water%20quality%20concerns.","https://directives.sc.egov.usda.gov/OpenNonWebContent.aspx?content=6621.wba#:~:text=Plants%20absorb%20the%20nutrients%20in,of%20today's%20water%20quality%20concerns."
United States of America,Vegetable crops,Snap beans,Crop_products,,3 tons,0.88,0.26,0.96,0.05,0.1,0.11,0.0005,0.0009,,"Kilmer 1982; Morrison
1956; Sanchez 1976; USDA 1985","USDA (2009) Chapter 6 Role of Plants in Waster Management in the Agricultural Waster Management Handbook available at:  https://directives.sc.egov.usda.gov/OpenNonWebContent.aspx?content=6621.wba#:~:text=Plants%20absorb%20the%20nutrients%20in,of%20today's%20water%20quality%20concerns.","https://directives.sc.egov.usda.gov/OpenNonWebContent.aspx?content=6621.wba#:~:text=Plants%20absorb%20the%20nutrients%20in,of%20today's%20water%20quality%20concerns."
United States of America,Vegetable crops,Sweet corn,Crop_products,,5.5 tons,0.89,0.24,0.58,,0.07,0.06,,,,"Kilmer 1982; Morrison
1956; Sanchez 1976; USDA 1985","USDA (2009) Chapter 6 Role of Plants in Waster Management in the Agricultural Waster Management Handbook available at:  https://directives.sc.egov.usda.gov/OpenNonWebContent.aspx?content=6621.wba#:~:text=Plants%20absorb%20the%20nutrients%20in,of%20today's%20water%20quality%20concerns.","https://directives.sc.egov.usda.gov/OpenNonWebContent.aspx?content=6621.wba#:~:text=Plants%20absorb%20the%20nutrients%20in,of%20today's%20water%20quality%20concerns."
United States of America,Vegetable crops,Sweet potatoes,Crop_products,,7 tons,0.3,0.04,0.42,0.03,0.06,0.04,0.0002,0.0004,0.0002,"Kilmer 1982; Morrison
1956; Sanchez 1976; USDA 1985","USDA (2009) Chapter 6 Role of Plants in Waster Management in the Agricultural Waster Management Handbook available at:  https://directives.sc.egov.usda.gov/OpenNonWebContent.aspx?content=6621.wba#:~:text=Plants%20absorb%20the%20nutrients%20in,of%20today's%20water%20quality%20concerns.","https://directives.sc.egov.usda.gov/OpenNonWebContent.aspx?content=6621.wba#:~:text=Plants%20absorb%20the%20nutrients%20in,of%20today's%20water%20quality%20concerns."
United States of America,Vegetable crops,Table beets,Crop_products,,15 tons,0.26,0.04,0.28,0.03,0.02,0.02,0.0001,0.0007,,"Kilmer 1982; Morrison
1956; Sanchez 1976; USDA 1985","USDA (2009) Chapter 6 Role of Plants in Waster Management in the Agricultural Waster Management Handbook available at:  https://directives.sc.egov.usda.gov/OpenNonWebContent.aspx?content=6621.wba#:~:text=Plants%20absorb%20the%20nutrients%20in,of%20today's%20water%20quality%20concerns.","https://directives.sc.egov.usda.gov/OpenNonWebContent.aspx?content=6621.wba#:~:text=Plants%20absorb%20the%20nutrients%20in,of%20today's%20water%20quality%20concerns."
United States of America,Wetland plants,Cattails,Crop_products,,8 tons,1.02,0.18,,,,,,,,"Kilmer 1982; Morrison
1956; Sanchez 1976; USDA 1985","USDA (2009) Chapter 6 Role of Plants in Waster Management in the Agricultural Waster Management Handbook available at:  https://directives.sc.egov.usda.gov/OpenNonWebContent.aspx?content=6621.wba#:~:text=Plants%20absorb%20the%20nutrients%20in,of%20today's%20water%20quality%20concerns.","https://directives.sc.egov.usda.gov/OpenNonWebContent.aspx?content=6621.wba#:~:text=Plants%20absorb%20the%20nutrients%20in,of%20today's%20water%20quality%20concerns."
United States of America,Wetland plants,Rushes,Crop_products,,1 ton,1.67,,,,,,,,,"Kilmer 1982; Morrison
1956; Sanchez 1976; USDA 1985","USDA (2009) Chapter 6 Role of Plants in Waster Management in the Agricultural Waster Management Handbook available at:  https://directives.sc.egov.usda.gov/OpenNonWebContent.aspx?content=6621.wba#:~:text=Plants%20absorb%20the%20nutrients%20in,of%20today's%20water%20quality%20concerns.","https://directives.sc.egov.usda.gov/OpenNonWebContent.aspx?content=6621.wba#:~:text=Plants%20absorb%20the%20nutrients%20in,of%20today's%20water%20quality%20concerns."
United States of America,Wetland plants,Saltgrass,Crop_products,,1 ton,1.44,0.27,0.62,,,,,,,"Kilmer 1982; Morrison
1956; Sanchez 1976; USDA 1985","USDA (2009) Chapter 6 Role of Plants in Waster Management in the Agricultural Waster Management Handbook available at:  https://directives.sc.egov.usda.gov/OpenNonWebContent.aspx?content=6621.wba#:~:text=Plants%20absorb%20the%20nutrients%20in,of%20today's%20water%20quality%20concerns.","https://directives.sc.egov.usda.gov/OpenNonWebContent.aspx?content=6621.wba#:~:text=Plants%20absorb%20the%20nutrients%20in,of%20today's%20water%20quality%20concerns."
United States of America,Wetland plants,Sedges,Crop_products,,0.8 ton,1.79,0.26,,0.66,,,,,,"Kilmer 1982; Morrison
1956; Sanchez 1976; USDA 1985","USDA (2009) Chapter 6 Role of Plants in Waster Management in the Agricultural Waster Management Handbook available at:  https://directives.sc.egov.usda.gov/OpenNonWebContent.aspx?content=6621.wba#:~:text=Plants%20absorb%20the%20nutrients%20in,of%20today's%20water%20quality%20concerns.","https://directives.sc.egov.usda.gov/OpenNonWebContent.aspx?content=6621.wba#:~:text=Plants%20absorb%20the%20nutrients%20in,of%20today's%20water%20quality%20concerns."
United States of America,Wetland plants,Water hyacinth,Crop_products,,,,3.65,0.87,3.12,,,,,,"Kilmer 1982; Morrison
1956; Sanchez 1976; USDA 1985","USDA (2009) Chapter 6 Role of Plants in Waster Management in the Agricultural Waster Management Handbook available at:  https://directives.sc.egov.usda.gov/OpenNonWebContent.aspx?content=6621.wba#:~:text=Plants%20absorb%20the%20nutrients%20in,of%20today's%20water%20quality%20concerns.","https://directives.sc.egov.usda.gov/OpenNonWebContent.aspx?content=6621.wba#:~:text=Plants%20absorb%20the%20nutrients%20in,of%20today's%20water%20quality%20concerns."
United States of America,Wetland plants,Duckweed,Crop_products,,,3.36,1,2.13,,,,,,,"Kilmer 1982; Morrison
1956; Sanchez 1976; USDA 1985","USDA (2009) Chapter 6 Role of Plants in Waster Management in the Agricultural Waster Management Handbook available at:  https://directives.sc.egov.usda.gov/OpenNonWebContent.aspx?content=6621.wba#:~:text=Plants%20absorb%20the%20nutrients%20in,of%20today's%20water%20quality%20concerns.","https://directives.sc.egov.usda.gov/OpenNonWebContent.aspx?content=6621.wba#:~:text=Plants%20absorb%20the%20nutrients%20in,of%20today's%20water%20quality%20concerns."
United States of America,Wetland plants,Arrowweed,Crop_products,,,2.74,,,,,,,,,"Kilmer 1982; Morrison
1956; Sanchez 1976; USDA 1985","USDA (2009) Chapter 6 Role of Plants in Waster Management in the Agricultural Waster Management Handbook available at:  https://directives.sc.egov.usda.gov/OpenNonWebContent.aspx?content=6621.wba#:~:text=Plants%20absorb%20the%20nutrients%20in,of%20today's%20water%20quality%20concerns.","https://directives.sc.egov.usda.gov/OpenNonWebContent.aspx?content=6621.wba#:~:text=Plants%20absorb%20the%20nutrients%20in,of%20today's%20water%20quality%20concerns."
United States of America,Wetland plants,Phragmites,Crop_products,,,1.83,0.1,0.52,,,,,,,"Kilmer 1982; Morrison
1956; Sanchez 1976; USDA 1985","USDA (2009) Chapter 6 Role of Plants in Waster Management in the Agricultural Waster Management Handbook available at:  https://directives.sc.egov.usda.gov/OpenNonWebContent.aspx?content=6621.wba#:~:text=Plants%20absorb%20the%20nutrients%20in,of%20today's%20water%20quality%20concerns.","https://directives.sc.egov.usda.gov/OpenNonWebContent.aspx?content=6621.wba#:~:text=Plants%20absorb%20the%20nutrients%20in,of%20today's%20water%20quality%20concerns."
